<annotation verified="yes">
  <folder>img_out_resize_640</folder>
  <filename>1</filename>
  <path>D:\ryolov3research-pytorch-master-master\img_out_resize_640\1.jpg</path>
  <source>
    <database>Unknown</database>
  </source>
  <size>
    <width>640</width>
    <height>640</height>
    <depth>3</depth>
  </size>
  <segmented>0</segmented>
  <object>
    <type>robndbox</type>
    <name>insulator</name>
    <pose>Unspecified</pose>
    <truncated>0</truncated>
    <difficult>0</difficult>
    <robndbox>
      <cx>225.6823</cx>
      <cy>340.4805</cy>
      <w>268.535</w>
      <h>49.1387</h>
      <angle>0.04</angle>
    </robndbox>
  </object>
  <object>
    <type>robndbox</type>
    <name>insulator</name>
    <pose>Unspecified</pose>
    <truncated>0</truncated>
    <difficult>0</difficult>
    <robndbox>
      <cx>233.0902</cx>
      <cy>394.3397</cy>
      <w>263.7298</w>
      <h>48.7127</h>
      <angle>0.03</angle>
    </robndbox>
  </object>
</annotation>
