<annotation verified="yes">
  <folder>img_out_resize_640</folder>
  <filename>10</filename>
  <path>D:\ryolov3research-pytorch-master-master\img_out_resize_640\10.jpg</path>
  <source>
    <database>Unknown</database>
  </source>
  <size>
    <width>640</width>
    <height>640</height>
    <depth>3</depth>
  </size>
  <segmented>0</segmented>
  <object>
    <type>robndbox</type>
    <name>insulator</name>
    <pose>Unspecified</pose>
    <truncated>0</truncated>
    <difficult>0</difficult>
    <robndbox>
      <cx>80.3898</cx>
      <cy>348.4153</cy>
      <w>159.0092</w>
      <h>45.8338</h>
      <angle>2.401593</angle>
    </robndbox>
  </object>
  <object>
    <type>robndbox</type>
    <name>insulator</name>
    <pose>Unspecified</pose>
    <truncated>0</truncated>
    <difficult>0</difficult>
    <robndbox>
      <cx>100.4567</cx>
      <cy>404.1079</cy>
      <w>201.8518</w>
      <h>45.4182</h>
      <angle>2.431593</angle>
    </robndbox>
  </object>
</annotation>
