<annotation verified="yes">
  <folder>img_out_resize_640</folder>
  <filename>100</filename>
  <path>D:\ryolov3research-pytorch-master-master\img_out_resize_640\100.jpg</path>
  <source>
    <database>Unknown</database>
  </source>
  <size>
    <width>640</width>
    <height>640</height>
    <depth>3</depth>
  </size>
  <segmented>0</segmented>
  <object>
    <type>robndbox</type>
    <name>insulator</name>
    <pose>Unspecified</pose>
    <truncated>0</truncated>
    <difficult>0</difficult>
    <robndbox>
      <cx>162.5456</cx>
      <cy>463.6983</cy>
      <w>93.9017</w>
      <h>17.6079</h>
      <angle>1.11</angle>
    </robndbox>
  </object>
  <object>
    <type>robndbox</type>
    <name>insulator</name>
    <pose>Unspecified</pose>
    <truncated>0</truncated>
    <difficult>0</difficult>
    <robndbox>
      <cx>318.2617</cx>
      <cy>460.2301</cy>
      <w>101.6977</w>
      <h>17.7368</h>
      <angle>1.14</angle>
    </robndbox>
  </object>
  <object>
    <type>robndbox</type>
    <name>insulator</name>
    <pose>Unspecified</pose>
    <truncated>0</truncated>
    <difficult>0</difficult>
    <robndbox>
      <cx>499.8532</cx>
      <cy>454.0064</cy>
      <w>109.8946</w>
      <h>17.4336</h>
      <angle>1.3</angle>
    </robndbox>
  </object>
</annotation>
