<annotation verified="yes">
  <folder>img_out_resize_640</folder>
  <filename>11</filename>
  <path>D:\ryolov3research-pytorch-master-master\img_out_resize_640\11.jpg</path>
  <source>
    <database>Unknown</database>
  </source>
  <size>
    <width>640</width>
    <height>640</height>
    <depth>3</depth>
  </size>
  <segmented>0</segmented>
  <object>
    <type>robndbox</type>
    <name>insulator</name>
    <pose>Unspecified</pose>
    <truncated>0</truncated>
    <difficult>0</difficult>
    <robndbox>
      <cx>208.5079</cx>
      <cy>372.9868</cy>
      <w>316.9247</w>
      <h>59.0686</h>
      <angle>0.13</angle>
    </robndbox>
  </object>
  <object>
    <type>robndbox</type>
    <name>insulator</name>
    <pose>Unspecified</pose>
    <truncated>0</truncated>
    <difficult>0</difficult>
    <robndbox>
      <cx>204.5079</cx>
      <cy>450.9868</cy>
      <w>316.9247</w>
      <h>59.0686</h>
      <angle>0.13</angle>
    </robndbox>
  </object>
</annotation>
