<annotation verified="yes">
  <folder>img_out_resize_640</folder>
  <filename>12</filename>
  <path>D:\ryolov3research-pytorch-master-master\img_out_resize_640\12.jpg</path>
  <source>
    <database>Unknown</database>
  </source>
  <size>
    <width>640</width>
    <height>640</height>
    <depth>3</depth>
  </size>
  <segmented>0</segmented>
  <object>
    <type>robndbox</type>
    <name>insulator</name>
    <pose>Unspecified</pose>
    <truncated>0</truncated>
    <difficult>0</difficult>
    <robndbox>
      <cx>249.887</cx>
      <cy>240.4936</cy>
      <w>312.3499</w>
      <h>60.7744</h>
      <angle>0.07</angle>
    </robndbox>
  </object>
  <object>
    <type>robndbox</type>
    <name>insulator</name>
    <pose>Unspecified</pose>
    <truncated>0</truncated>
    <difficult>0</difficult>
    <robndbox>
      <cx>249.6517</cx>
      <cy>313.7405</cy>
      <w>306.0949</w>
      <h>58.6707</h>
      <angle>0.08</angle>
    </robndbox>
  </object>
</annotation>
