<annotation verified="yes">
  <folder>img_out_resize_640</folder>
  <filename>13</filename>
  <path>D:\ryolov3research-pytorch-master-master\img_out_resize_640\13.jpg</path>
  <source>
    <database>Unknown</database>
  </source>
  <size>
    <width>640</width>
    <height>640</height>
    <depth>3</depth>
  </size>
  <segmented>0</segmented>
  <object>
    <type>robndbox</type>
    <name>insulator</name>
    <pose>Unspecified</pose>
    <truncated>0</truncated>
    <difficult>0</difficult>
    <robndbox>
      <cx>285.719</cx>
      <cy>328.5775</cy>
      <w>286.9402</w>
      <h>52.6922</h>
      <angle>2.981593</angle>
    </robndbox>
  </object>
  <object>
    <type>robndbox</type>
    <name>insulator</name>
    <pose>Unspecified</pose>
    <truncated>0</truncated>
    <difficult>0</difficult>
    <robndbox>
      <cx>301.7384</cx>
      <cy>394.3485</cy>
      <w>284.4718</w>
      <h>55.9012</h>
      <angle>2.981593</angle>
    </robndbox>
  </object>
</annotation>
