<annotation verified="yes">
  <folder>img_out_resize_640</folder>
  <filename>14</filename>
  <path>D:\ryolov3research-pytorch-master-master\img_out_resize_640\14.jpg</path>
  <source>
    <database>Unknown</database>
  </source>
  <size>
    <width>640</width>
    <height>640</height>
    <depth>3</depth>
  </size>
  <segmented>0</segmented>
  <object>
    <type>robndbox</type>
    <name>insulator</name>
    <pose>Unspecified</pose>
    <truncated>0</truncated>
    <difficult>0</difficult>
    <robndbox>
      <cx>253.808</cx>
      <cy>151.2793</cy>
      <w>320.5731</w>
      <h>64.3486</h>
      <angle>0.1</angle>
    </robndbox>
  </object>
  <object>
    <type>robndbox</type>
    <name>insulator</name>
    <pose>Unspecified</pose>
    <truncated>0</truncated>
    <difficult>0</difficult>
    <robndbox>
      <cx>249.2561</cx>
      <cy>230.1965</cy>
      <w>317.909</w>
      <h>60.1968</h>
      <angle>0.09</angle>
    </robndbox>
  </object>
</annotation>
