<annotation verified="yes">
  <folder>img_out_resize_640</folder>
  <filename>15</filename>
  <path>D:\ryolov3research-pytorch-master-master\img_out_resize_640\15.jpg</path>
  <source>
    <database>Unknown</database>
  </source>
  <size>
    <width>640</width>
    <height>640</height>
    <depth>3</depth>
  </size>
  <segmented>0</segmented>
  <object>
    <type>robndbox</type>
    <name>insulator</name>
    <pose>Unspecified</pose>
    <truncated>0</truncated>
    <difficult>0</difficult>
    <robndbox>
      <cx>131.6616</cx>
      <cy>245.869</cy>
      <w>142.3593</w>
      <h>32.3569</h>
      <angle>0.97</angle>
    </robndbox>
  </object>
  <object>
    <type>robndbox</type>
    <name>insulator</name>
    <pose>Unspecified</pose>
    <truncated>0</truncated>
    <difficult>0</difficult>
    <robndbox>
      <cx>271.2656</cx>
      <cy>242.2978</cy>
      <w>151.6546</w>
      <h>33.8885</h>
      <angle>1.06</angle>
    </robndbox>
  </object>
  <object>
    <type>robndbox</type>
    <name>insulator</name>
    <pose>Unspecified</pose>
    <truncated>0</truncated>
    <difficult>0</difficult>
    <robndbox>
      <cx>437.2656</cx>
      <cy>239.2978</cy>
      <w>163.1007</w>
      <h>38.0103</h>
      <angle>1.1</angle>
    </robndbox>
  </object>
  <object>
    <type>robndbox</type>
    <name>insulator</name>
    <pose>Unspecified</pose>
    <truncated>0</truncated>
    <difficult>0</difficult>
    <robndbox>
      <cx>207.4398</cx>
      <cy>476.1072</cy>
      <w>150.1967</w>
      <h>30.5326</h>
      <angle>1.3</angle>
    </robndbox>
  </object>
  <object>
    <type>robndbox</type>
    <name>insulator</name>
    <pose>Unspecified</pose>
    <truncated>0</truncated>
    <difficult>0</difficult>
    <robndbox>
      <cx>232.4398</cx>
      <cy>480.1072</cy>
      <w>150.1967</w>
      <h>30.5326</h>
      <angle>1.3</angle>
    </robndbox>
  </object>
  <object>
    <type>robndbox</type>
    <name>insulator</name>
    <pose>Unspecified</pose>
    <truncated>0</truncated>
    <difficult>0</difficult>
    <robndbox>
      <cx>343.7838</cx>
      <cy>496.4384</cy>
      <w>162.6336</w>
      <h>28.0566</h>
      <angle>1.32</angle>
    </robndbox>
  </object>
  <object>
    <type>robndbox</type>
    <name>insulator</name>
    <pose>Unspecified</pose>
    <truncated>0</truncated>
    <difficult>0</difficult>
    <robndbox>
      <cx>371.3732</cx>
      <cy>498.9569</cy>
      <w>163.4344</w>
      <h>29.1094</h>
      <angle>1.32</angle>
    </robndbox>
  </object>
  <object>
    <type>robndbox</type>
    <name>insulator</name>
    <pose>Unspecified</pose>
    <truncated>0</truncated>
    <difficult>0</difficult>
    <robndbox>
      <cx>511.2739</cx>
      <cy>517.569</cy>
      <w>179.6221</w>
      <h>30.9509</h>
      <angle>1.32</angle>
    </robndbox>
  </object>
  <object>
    <type>robndbox</type>
    <name>insulator</name>
    <pose>Unspecified</pose>
    <truncated>0</truncated>
    <difficult>0</difficult>
    <robndbox>
      <cx>544.2739</cx>
      <cy>517.569</cy>
      <w>179.6221</w>
      <h>30.9509</h>
      <angle>1.32</angle>
    </robndbox>
  </object>
</annotation>
