<annotation verified="yes">
  <folder>img_out_resize_640</folder>
  <filename>16</filename>
  <path>D:\ryolov3research-pytorch-master-master\img_out_resize_640\16.jpg</path>
  <source>
    <database>Unknown</database>
  </source>
  <size>
    <width>640</width>
    <height>640</height>
    <depth>3</depth>
  </size>
  <segmented>0</segmented>
  <object>
    <type>robndbox</type>
    <name>insulator</name>
    <pose>Unspecified</pose>
    <truncated>0</truncated>
    <difficult>0</difficult>
    <robndbox>
      <cx>217.9723</cx>
      <cy>414.1315</cy>
      <w>264.8429</w>
      <h>53.4115</h>
      <angle>0.07</angle>
    </robndbox>
  </object>
  <object>
    <type>robndbox</type>
    <name>insulator</name>
    <pose>Unspecified</pose>
    <truncated>0</truncated>
    <difficult>0</difficult>
    <robndbox>
      <cx>227.9723</cx>
      <cy>463.1315</cy>
      <w>264.8429</w>
      <h>53.4115</h>
      <angle>0.05</angle>
    </robndbox>
  </object>
</annotation>
