<annotation verified="yes">
  <folder>img_out_resize_640</folder>
  <filename>17</filename>
  <path>D:\ryolov3research-pytorch-master-master\img_out_resize_640\17.jpg</path>
  <source>
    <database>Unknown</database>
  </source>
  <size>
    <width>640</width>
    <height>640</height>
    <depth>3</depth>
  </size>
  <segmented>0</segmented>
  <object>
    <type>robndbox</type>
    <name>insulator</name>
    <pose>Unspecified</pose>
    <truncated>0</truncated>
    <difficult>0</difficult>
    <robndbox>
      <cx>213.0541</cx>
      <cy>400.2297</cy>
      <w>277.0</w>
      <h>57.0</h>
      <angle>0.04</angle>
    </robndbox>
  </object>
  <object>
    <type>robndbox</type>
    <name>insulator</name>
    <pose>Unspecified</pose>
    <truncated>0</truncated>
    <difficult>0</difficult>
    <robndbox>
      <cx>225.1793</cx>
      <cy>451.4719</cy>
      <w>277.1097</w>
      <h>53.4771</h>
      <angle>0.03</angle>
    </robndbox>
  </object>
</annotation>
