<annotation verified="yes">
  <folder>img_out_resize_640</folder>
  <filename>18</filename>
  <path>D:\ryolov3research-pytorch-master-master\img_out_resize_640\18.jpg</path>
  <source>
    <database>Unknown</database>
  </source>
  <size>
    <width>640</width>
    <height>640</height>
    <depth>3</depth>
  </size>
  <segmented>0</segmented>
  <object>
    <type>robndbox</type>
    <name>insulator</name>
    <pose>Unspecified</pose>
    <truncated>0</truncated>
    <difficult>0</difficult>
    <robndbox>
      <cx>189.9259</cx>
      <cy>314.1467</cy>
      <w>280.4341</w>
      <h>53.3405</h>
      <angle>0.15</angle>
    </robndbox>
  </object>
  <object>
    <type>robndbox</type>
    <name>insulator</name>
    <pose>Unspecified</pose>
    <truncated>0</truncated>
    <difficult>0</difficult>
    <robndbox>
      <cx>187.1515</cx>
      <cy>378.1039</cy>
      <w>274.6238</w>
      <h>52.1655</h>
      <angle>0.16</angle>
    </robndbox>
  </object>
</annotation>
