<annotation verified="yes">
  <folder>img_out_resize_640</folder>
  <filename>19</filename>
  <path>D:\ryolov3research-pytorch-master-master\img_out_resize_640\19.jpg</path>
  <source>
    <database>Unknown</database>
  </source>
  <size>
    <width>640</width>
    <height>640</height>
    <depth>3</depth>
  </size>
  <segmented>0</segmented>
  <object>
    <type>robndbox</type>
    <name>insulator</name>
    <pose>Unspecified</pose>
    <truncated>0</truncated>
    <difficult>0</difficult>
    <robndbox>
      <cx>252.0912</cx>
      <cy>281.4135</cy>
      <w>315.9577</w>
      <h>60.632</h>
      <angle>0.26</angle>
    </robndbox>
  </object>
  <object>
    <type>robndbox</type>
    <name>insulator</name>
    <pose>Unspecified</pose>
    <truncated>0</truncated>
    <difficult>0</difficult>
    <robndbox>
      <cx>248.2193</cx>
      <cy>361.414</cy>
      <w>325.5661</w>
      <h>64.1157</h>
      <angle>0.28</angle>
    </robndbox>
  </object>
</annotation>
