<annotation verified="yes">
  <folder>img_out_resize_640</folder>
  <filename>2</filename>
  <path>D:\ryolov3research-pytorch-master-master\img_out_resize_640\2.jpg</path>
  <source>
    <database>Unknown</database>
  </source>
  <size>
    <width>640</width>
    <height>640</height>
    <depth>3</depth>
  </size>
  <segmented>0</segmented>
  <object>
    <type>robndbox</type>
    <name>insulator</name>
    <pose>Unspecified</pose>
    <truncated>0</truncated>
    <difficult>0</difficult>
    <robndbox>
      <cx>275.6562</cx>
      <cy>255.2515</cy>
      <w>269.9677</w>
      <h>50.1971</h>
      <angle>0.08</angle>
    </robndbox>
  </object>
  <object>
    <type>robndbox</type>
    <name>insulator</name>
    <pose>Unspecified</pose>
    <truncated>0</truncated>
    <difficult>0</difficult>
    <robndbox>
      <cx>293.4747</cx>
      <cy>301.4168</cy>
      <w>271.7912</w>
      <h>52.4225</h>
      <angle>0.05</angle>
    </robndbox>
  </object>
</annotation>
