<annotation verified="yes">
  <folder>img_out_resize_640</folder>
  <filename>20</filename>
  <path>D:\ryolov3research-pytorch-master-master\img_out_resize_640\20.jpg</path>
  <source>
    <database>Unknown</database>
  </source>
  <size>
    <width>640</width>
    <height>640</height>
    <depth>3</depth>
  </size>
  <segmented>0</segmented>
  <object>
    <type>robndbox</type>
    <name>insulator</name>
    <pose>Unspecified</pose>
    <truncated>0</truncated>
    <difficult>0</difficult>
    <robndbox>
      <cx>331.5541</cx>
      <cy>380.2297</cy>
      <w>280.0</w>
      <h>55.0</h>
      <angle>0.1</angle>
    </robndbox>
  </object>
  <object>
    <type>robndbox</type>
    <name>insulator</name>
    <pose>Unspecified</pose>
    <truncated>0</truncated>
    <difficult>0</difficult>
    <robndbox>
      <cx>334.9866</cx>
      <cy>431.1284</cy>
      <w>270.4589</w>
      <h>51.8255</h>
      <angle>0.11</angle>
    </robndbox>
  </object>
</annotation>
