<annotation verified="yes">
  <folder>img_out_resize_640</folder>
  <filename>21</filename>
  <path>D:\ryolov3research-pytorch-master-master\img_out_resize_640\21.jpg</path>
  <source>
    <database>Unknown</database>
  </source>
  <size>
    <width>640</width>
    <height>640</height>
    <depth>3</depth>
  </size>
  <segmented>0</segmented>
  <object>
    <type>robndbox</type>
    <name>insulator</name>
    <pose>Unspecified</pose>
    <truncated>0</truncated>
    <difficult>0</difficult>
    <robndbox>
      <cx>259.7678</cx>
      <cy>346.1717</cy>
      <w>322.7224</w>
      <h>65.0947</h>
      <angle>0.05</angle>
    </robndbox>
  </object>
  <object>
    <type>robndbox</type>
    <name>insulator</name>
    <pose>Unspecified</pose>
    <truncated>0</truncated>
    <difficult>0</difficult>
    <robndbox>
      <cx>261.5397</cx>
      <cy>423.0415</cy>
      <w>324.384</w>
      <h>63.4674</h>
      <angle>0.06</angle>
    </robndbox>
  </object>
</annotation>
