<annotation verified="yes">
  <folder>img_out_resize_640</folder>
  <filename>22</filename>
  <path>D:\ryolov3research-pytorch-master-master\img_out_resize_640\22.jpg</path>
  <source>
    <database>Unknown</database>
  </source>
  <size>
    <width>640</width>
    <height>640</height>
    <depth>3</depth>
  </size>
  <segmented>0</segmented>
  <object>
    <type>robndbox</type>
    <name>insulator</name>
    <pose>Unspecified</pose>
    <truncated>0</truncated>
    <difficult>0</difficult>
    <robndbox>
      <cx>257.3947</cx>
      <cy>338.6</cy>
      <w>287.8698</w>
      <h>56.1982</h>
      <angle>0.05</angle>
    </robndbox>
  </object>
  <object>
    <type>robndbox</type>
    <name>insulator</name>
    <pose>Unspecified</pose>
    <truncated>0</truncated>
    <difficult>0</difficult>
    <robndbox>
      <cx>254.2939</cx>
      <cy>410.8737</cy>
      <w>287.8215</w>
      <h>53.6434</h>
      <angle>0.06</angle>
    </robndbox>
  </object>
</annotation>
