<annotation verified="yes">
  <folder>img_out_resize_640</folder>
  <filename>23</filename>
  <path>D:\ryolov3research-pytorch-master-master\img_out_resize_640\23.jpg</path>
  <source>
    <database>Unknown</database>
  </source>
  <size>
    <width>640</width>
    <height>640</height>
    <depth>3</depth>
  </size>
  <segmented>0</segmented>
  <object>
    <type>robndbox</type>
    <name>insulator</name>
    <pose>Unspecified</pose>
    <truncated>0</truncated>
    <difficult>0</difficult>
    <robndbox>
      <cx>262.1672</cx>
      <cy>223.536</cy>
      <w>289.5658</w>
      <h>56.0027</h>
      <angle>0.08</angle>
    </robndbox>
  </object>
  <object>
    <type>robndbox</type>
    <name>insulator</name>
    <pose>Unspecified</pose>
    <truncated>0</truncated>
    <difficult>0</difficult>
    <robndbox>
      <cx>259.1167</cx>
      <cy>294.8694</cy>
      <w>297.1731</w>
      <h>58.2141</h>
      <angle>0.08</angle>
    </robndbox>
  </object>
</annotation>
