<annotation verified="yes">
  <folder>img_out_resize_640</folder>
  <filename>24</filename>
  <path>D:\ryolov3research-pytorch-master-master\img_out_resize_640\24.jpg</path>
  <source>
    <database>Unknown</database>
  </source>
  <size>
    <width>640</width>
    <height>640</height>
    <depth>3</depth>
  </size>
  <segmented>0</segmented>
  <object>
    <type>robndbox</type>
    <name>insulator</name>
    <pose>Unspecified</pose>
    <truncated>0</truncated>
    <difficult>0</difficult>
    <robndbox>
      <cx>242.1907</cx>
      <cy>323.3874</cy>
      <w>321.1022</w>
      <h>58.9735</h>
      <angle>0.02</angle>
    </robndbox>
  </object>
  <object>
    <type>robndbox</type>
    <name>insulator</name>
    <pose>Unspecified</pose>
    <truncated>0</truncated>
    <difficult>0</difficult>
    <robndbox>
      <cx>242.1907</cx>
      <cy>405.3874</cy>
      <w>321.1022</w>
      <h>58.9735</h>
      <angle>0.03</angle>
    </robndbox>
  </object>
</annotation>
