<annotation verified="yes">
  <folder>img_out_resize_640</folder>
  <filename>25</filename>
  <path>D:\ryolov3research-pytorch-master-master\img_out_resize_640\25.jpg</path>
  <source>
    <database>Unknown</database>
  </source>
  <size>
    <width>640</width>
    <height>640</height>
    <depth>3</depth>
  </size>
  <segmented>0</segmented>
  <object>
    <type>robndbox</type>
    <name>insulator</name>
    <pose>Unspecified</pose>
    <truncated>0</truncated>
    <difficult>0</difficult>
    <robndbox>
      <cx>260.8473</cx>
      <cy>305.9026</cy>
      <w>260.5546</w>
      <h>54.4544</h>
      <angle>0.02</angle>
    </robndbox>
  </object>
  <object>
    <type>robndbox</type>
    <name>insulator</name>
    <pose>Unspecified</pose>
    <truncated>0</truncated>
    <difficult>0</difficult>
    <robndbox>
      <cx>270.8473</cx>
      <cy>363.9026</cy>
      <w>260.5546</w>
      <h>54.4544</h>
      <angle>0.03</angle>
    </robndbox>
  </object>
</annotation>
