<annotation verified="yes">
  <folder>img_out_resize_640</folder>
  <filename>26</filename>
  <path>D:\ryolov3research-pytorch-master-master\img_out_resize_640\26.jpg</path>
  <source>
    <database>Unknown</database>
  </source>
  <size>
    <width>640</width>
    <height>640</height>
    <depth>3</depth>
  </size>
  <segmented>0</segmented>
  <object>
    <type>robndbox</type>
    <name>insulator</name>
    <pose>Unspecified</pose>
    <truncated>0</truncated>
    <difficult>0</difficult>
    <robndbox>
      <cx>53.7306</cx>
      <cy>387.2261</cy>
      <w>264.267</w>
      <h>31.0507</h>
      <angle>1.84</angle>
    </robndbox>
  </object>
  <object>
    <type>robndbox</type>
    <name>insulator</name>
    <pose>Unspecified</pose>
    <truncated>0</truncated>
    <difficult>0</difficult>
    <robndbox>
      <cx>335.0611</cx>
      <cy>356.7914</cy>
      <w>262.3076</w>
      <h>34.662</h>
      <angle>1.93</angle>
    </robndbox>
  </object>
  <object>
    <type>robndbox</type>
    <name>insulator</name>
    <pose>Unspecified</pose>
    <truncated>0</truncated>
    <difficult>0</difficult>
    <robndbox>
      <cx>537.6384</cx>
      <cy>359.7833</cy>
      <w>209.169</w>
      <h>33.8572</h>
      <angle>2.0</angle>
    </robndbox>
  </object>
</annotation>
