<annotation verified="yes">
  <folder>img_out_resize_640</folder>
  <filename>27</filename>
  <path>D:\ryolov3research-pytorch-master-master\img_out_resize_640\27.jpg</path>
  <source>
    <database>Unknown</database>
  </source>
  <size>
    <width>640</width>
    <height>640</height>
    <depth>3</depth>
  </size>
  <segmented>0</segmented>
  <object>
    <type>robndbox</type>
    <name>insulator</name>
    <pose>Unspecified</pose>
    <truncated>0</truncated>
    <difficult>0</difficult>
    <robndbox>
      <cx>88.0541</cx>
      <cy>422.7297</cy>
      <w>110.1317</w>
      <h>32.1871</h>
      <angle>1.4</angle>
    </robndbox>
  </object>
  <object>
    <type>robndbox</type>
    <name>insulator</name>
    <pose>Unspecified</pose>
    <truncated>0</truncated>
    <difficult>0</difficult>
    <robndbox>
      <cx>312.0541</cx>
      <cy>414.7297</cy>
      <w>110.1317</w>
      <h>32.1871</h>
      <angle>1.6</angle>
    </robndbox>
  </object>
  <object>
    <type>robndbox</type>
    <name>insulator</name>
    <pose>Unspecified</pose>
    <truncated>0</truncated>
    <difficult>0</difficult>
    <robndbox>
      <cx>541.9691</cx>
      <cy>412.2804</cy>
      <w>115.3357</w>
      <h>32.7005</h>
      <angle>1.83</angle>
    </robndbox>
  </object>
</annotation>
