<annotation verified="yes">
  <folder>img_out_resize_640</folder>
  <filename>28</filename>
  <path>D:\ryolov3research-pytorch-master-master\img_out_resize_640\28.jpg</path>
  <source>
    <database>Unknown</database>
  </source>
  <size>
    <width>640</width>
    <height>640</height>
    <depth>3</depth>
  </size>
  <segmented>0</segmented>
  <object>
    <type>robndbox</type>
    <name>insulator</name>
    <pose>Unspecified</pose>
    <truncated>0</truncated>
    <difficult>0</difficult>
    <robndbox>
      <cx>217.272</cx>
      <cy>481.7164</cy>
      <w>299.0647</w>
      <h>37.3126</h>
      <angle>1.61</angle>
    </robndbox>
  </object>
  <object>
    <type>robndbox</type>
    <name>insulator</name>
    <pose>Unspecified</pose>
    <truncated>0</truncated>
    <difficult>0</difficult>
    <robndbox>
      <cx>164.7734</cx>
      <cy>486.3742</cy>
      <w>296.3896</w>
      <h>36.2907</h>
      <angle>1.58</angle>
    </robndbox>
  </object>
</annotation>
