<annotation verified="yes">
  <folder>img_out_resize_640</folder>
  <filename>29</filename>
  <path>D:\ryolov3research-pytorch-master-master\img_out_resize_640\29.jpg</path>
  <source>
    <database>Unknown</database>
  </source>
  <size>
    <width>640</width>
    <height>640</height>
    <depth>3</depth>
  </size>
  <segmented>0</segmented>
  <object>
    <type>robndbox</type>
    <name>insulator</name>
    <pose>Unspecified</pose>
    <truncated>0</truncated>
    <difficult>0</difficult>
    <robndbox>
      <cx>98.3262</cx>
      <cy>213.226</cy>
      <w>191.5704</w>
      <h>52.317</h>
      <angle>3.021593</angle>
    </robndbox>
  </object>
  <object>
    <type>robndbox</type>
    <name>insulator</name>
    <pose>Unspecified</pose>
    <truncated>0</truncated>
    <difficult>0</difficult>
    <robndbox>
      <cx>109.4226</cx>
      <cy>271.2594</cy>
      <w>205.5258</w>
      <h>52.7159</h>
      <angle>3.041593</angle>
    </robndbox>
  </object>
</annotation>
