<annotation verified="yes">
  <folder>img_out_resize_640</folder>
  <filename>3</filename>
  <path>D:\ryolov3research-pytorch-master-master\img_out_resize_640\3.jpg</path>
  <source>
    <database>Unknown</database>
  </source>
  <size>
    <width>640</width>
    <height>640</height>
    <depth>3</depth>
  </size>
  <segmented>0</segmented>
  <object>
    <type>robndbox</type>
    <name>insulator</name>
    <pose>Unspecified</pose>
    <truncated>0</truncated>
    <difficult>0</difficult>
    <robndbox>
      <cx>95.5953</cx>
      <cy>390.4208</cy>
      <w>109.8427</w>
      <h>21.9676</h>
      <angle>1.48</angle>
    </robndbox>
  </object>
  <object>
    <type>robndbox</type>
    <name>insulator</name>
    <pose>Unspecified</pose>
    <truncated>0</truncated>
    <difficult>0</difficult>
    <robndbox>
      <cx>539.9676</cx>
      <cy>400.1629</cy>
      <w>102.2974</w>
      <h>21.1572</h>
      <angle>1.78</angle>
    </robndbox>
  </object>
  <object>
    <type>robndbox</type>
    <name>insulator</name>
    <pose>Unspecified</pose>
    <truncated>0</truncated>
    <difficult>0</difficult>
    <robndbox>
      <cx>318.9676</cx>
      <cy>395.1629</cy>
      <w>102.2974</w>
      <h>21.1572</h>
      <angle>1.63</angle>
    </robndbox>
  </object>
</annotation>
