<annotation verified="yes">
  <folder>img_out_resize_640</folder>
  <filename>30</filename>
  <path>D:\ryolov3research-pytorch-master-master\img_out_resize_640\30.jpg</path>
  <source>
    <database>Unknown</database>
  </source>
  <size>
    <width>640</width>
    <height>640</height>
    <depth>3</depth>
  </size>
  <segmented>0</segmented>
  <object>
    <type>robndbox</type>
    <name>insulator</name>
    <pose>Unspecified</pose>
    <truncated>0</truncated>
    <difficult>0</difficult>
    <robndbox>
      <cx>114.321</cx>
      <cy>239.5993</cy>
      <w>219.7875</w>
      <h>54.7195</h>
      <angle>3.021593</angle>
    </robndbox>
  </object>
  <object>
    <type>robndbox</type>
    <name>insulator</name>
    <pose>Unspecified</pose>
    <truncated>0</truncated>
    <difficult>0</difficult>
    <robndbox>
      <cx>131.321</cx>
      <cy>297.5993</cy>
      <w>219.7875</w>
      <h>54.7195</h>
      <angle>3.051593</angle>
    </robndbox>
  </object>
</annotation>
