<annotation verified="yes">
  <folder>img_out_resize_640</folder>
  <filename>31</filename>
  <path>D:\ryolov3research-pytorch-master-master\img_out_resize_640\31.jpg</path>
  <source>
    <database>Unknown</database>
  </source>
  <size>
    <width>640</width>
    <height>640</height>
    <depth>3</depth>
  </size>
  <segmented>0</segmented>
  <object>
    <type>robndbox</type>
    <name>insulator</name>
    <pose>Unspecified</pose>
    <truncated>0</truncated>
    <difficult>0</difficult>
    <robndbox>
      <cx>250.6836</cx>
      <cy>284.3324</cy>
      <w>306.0526</w>
      <h>59.6229</h>
      <angle>0.13</angle>
    </robndbox>
  </object>
  <object>
    <type>robndbox</type>
    <name>insulator</name>
    <pose>Unspecified</pose>
    <truncated>0</truncated>
    <difficult>0</difficult>
    <robndbox>
      <cx>249.6836</cx>
      <cy>361.3324</cy>
      <w>306.0526</w>
      <h>59.6229</h>
      <angle>0.15</angle>
    </robndbox>
  </object>
</annotation>
