<annotation verified="yes">
  <folder>img_out_resize_640</folder>
  <filename>32</filename>
  <path>D:\ryolov3research-pytorch-master-master\img_out_resize_640\32.jpg</path>
  <source>
    <database>Unknown</database>
  </source>
  <size>
    <width>640</width>
    <height>640</height>
    <depth>3</depth>
  </size>
  <segmented>0</segmented>
  <object>
    <type>robndbox</type>
    <name>insulator</name>
    <pose>Unspecified</pose>
    <truncated>0</truncated>
    <difficult>0</difficult>
    <robndbox>
      <cx>277.869</cx>
      <cy>137.7378</cy>
      <w>320.6659</w>
      <h>61.5832</h>
      <angle>0.02</angle>
    </robndbox>
  </object>
  <object>
    <type>robndbox</type>
    <name>insulator</name>
    <pose>Unspecified</pose>
    <truncated>0</truncated>
    <difficult>0</difficult>
    <robndbox>
      <cx>279.869</cx>
      <cy>219.7378</cy>
      <w>320.6659</w>
      <h>61.5832</h>
      <angle>0.04</angle>
    </robndbox>
  </object>
</annotation>
