<annotation verified="yes">
  <folder>img_out_resize_640</folder>
  <filename>33</filename>
  <path>D:\ryolov3research-pytorch-master-master\img_out_resize_640\33.jpg</path>
  <source>
    <database>Unknown</database>
  </source>
  <size>
    <width>640</width>
    <height>640</height>
    <depth>3</depth>
  </size>
  <segmented>0</segmented>
  <object>
    <type>robndbox</type>
    <name>insulator</name>
    <pose>Unspecified</pose>
    <truncated>0</truncated>
    <difficult>0</difficult>
    <robndbox>
      <cx>286.3094</cx>
      <cy>238.9906</cy>
      <w>306.3096</w>
      <h>60.2964</h>
      <angle>0.09</angle>
    </robndbox>
  </object>
  <object>
    <type>robndbox</type>
    <name>insulator</name>
    <pose>Unspecified</pose>
    <truncated>0</truncated>
    <difficult>0</difficult>
    <robndbox>
      <cx>288.1623</cx>
      <cy>309.9366</cy>
      <w>306.4445</w>
      <h>56.3956</h>
      <angle>0.11</angle>
    </robndbox>
  </object>
</annotation>
