<annotation verified="yes">
  <folder>img_out_resize_640</folder>
  <filename>34</filename>
  <path>D:\ryolov3research-pytorch-master-master\img_out_resize_640\34.jpg</path>
  <source>
    <database>Unknown</database>
  </source>
  <size>
    <width>640</width>
    <height>640</height>
    <depth>3</depth>
  </size>
  <segmented>0</segmented>
  <object>
    <type>robndbox</type>
    <name>insulator</name>
    <pose>Unspecified</pose>
    <truncated>0</truncated>
    <difficult>0</difficult>
    <robndbox>
      <cx>245.0541</cx>
      <cy>397.7297</cy>
      <w>295.0</w>
      <h>64.0</h>
      <angle>0.01</angle>
    </robndbox>
  </object>
  <object>
    <type>robndbox</type>
    <name>insulator</name>
    <pose>Unspecified</pose>
    <truncated>0</truncated>
    <difficult>0</difficult>
    <robndbox>
      <cx>245.2488</cx>
      <cy>469.2516</cy>
      <w>297.5299</w>
      <h>57.0054</h>
      <angle>0.02</angle>
    </robndbox>
  </object>
</annotation>
