<annotation verified="yes">
  <folder>img_out_resize_640</folder>
  <filename>35</filename>
  <path>D:\ryolov3research-pytorch-master-master\img_out_resize_640\35.jpg</path>
  <source>
    <database>Unknown</database>
  </source>
  <size>
    <width>640</width>
    <height>640</height>
    <depth>3</depth>
  </size>
  <segmented>0</segmented>
  <object>
    <type>robndbox</type>
    <name>insulator</name>
    <pose>Unspecified</pose>
    <truncated>0</truncated>
    <difficult>0</difficult>
    <robndbox>
      <cx>200.1491</cx>
      <cy>106.9899</cy>
      <w>249.7168</w>
      <h>29.3966</h>
      <angle>2.661593</angle>
    </robndbox>
  </object>
  <object>
    <type>robndbox</type>
    <name>insulator</name>
    <pose>Unspecified</pose>
    <truncated>0</truncated>
    <difficult>0</difficult>
    <robndbox>
      <cx>217.0835</cx>
      <cy>135.6697</cy>
      <w>244.5012</w>
      <h>30.4688</h>
      <angle>2.661593</angle>
    </robndbox>
  </object>
  <object>
    <type>robndbox</type>
    <name>insulator</name>
    <pose>Unspecified</pose>
    <truncated>0</truncated>
    <difficult>0</difficult>
    <robndbox>
      <cx>310.0153</cx>
      <cy>329.3263</cy>
      <w>217.0161</w>
      <h>28.3776</h>
      <angle>2.531593</angle>
    </robndbox>
  </object>
  <object>
    <type>robndbox</type>
    <name>insulator</name>
    <pose>Unspecified</pose>
    <truncated>0</truncated>
    <difficult>0</difficult>
    <robndbox>
      <cx>453.0627</cx>
      <cy>619.6539</cy>
      <w>185.7332</w>
      <h>23.0682</h>
      <angle>3.051593</angle>
    </robndbox>
  </object>
  <object>
    <type>robndbox</type>
    <name>insulator</name>
    <pose>Unspecified</pose>
    <truncated>0</truncated>
    <difficult>0</difficult>
    <robndbox>
      <cx>92.1348</cx>
      <cy>495.0043</cy>
      <w>228.3712</w>
      <h>28.1822</h>
      <angle>1.541593</angle>
    </robndbox>
  </object>
  <object>
    <type>robndbox</type>
    <name>insulator</name>
    <pose>Unspecified</pose>
    <truncated>0</truncated>
    <difficult>0</difficult>
    <robndbox>
      <cx>154.1975</cx>
      <cy>563.4316</cy>
      <w>144.3639</w>
      <h>28.592</h>
      <angle>1.741593</angle>
    </robndbox>
  </object>
  <object>
    <type>robndbox</type>
    <name>insulator</name>
    <pose>Unspecified</pose>
    <truncated>0</truncated>
    <difficult>0</difficult>
    <robndbox>
      <cx>324.0153</cx>
      <cy>342.3263</cy>
      <w>217.0161</w>
      <h>28.3776</h>
      <angle>2.531593</angle>
    </robndbox>
  </object>
</annotation>
