<annotation verified="yes">
  <folder>img_out_resize_640</folder>
  <filename>36</filename>
  <path>D:\ryolov3research-pytorch-master-master\img_out_resize_640\36.jpg</path>
  <source>
    <database>Unknown</database>
  </source>
  <size>
    <width>640</width>
    <height>640</height>
    <depth>3</depth>
  </size>
  <segmented>0</segmented>
  <object>
    <type>robndbox</type>
    <name>insulator</name>
    <pose>Unspecified</pose>
    <truncated>0</truncated>
    <difficult>0</difficult>
    <robndbox>
      <cx>183.5176</cx>
      <cy>420.3315</cy>
      <w>267.8969</w>
      <h>56.7862</h>
      <angle>0.03</angle>
    </robndbox>
  </object>
  <object>
    <type>robndbox</type>
    <name>insulator</name>
    <pose>Unspecified</pose>
    <truncated>0</truncated>
    <difficult>0</difficult>
    <robndbox>
      <cx>191.5475</cx>
      <cy>481.5376</cy>
      <w>266.1346</w>
      <h>52.3001</h>
      <angle>0.03</angle>
    </robndbox>
  </object>
</annotation>
