<annotation verified="yes">
  <folder>img_out_resize_640</folder>
  <filename>37</filename>
  <path>D:\ryolov3research-pytorch-master-master\img_out_resize_640\37.jpg</path>
  <source>
    <database>Unknown</database>
  </source>
  <size>
    <width>640</width>
    <height>640</height>
    <depth>3</depth>
  </size>
  <segmented>0</segmented>
  <object>
    <type>robndbox</type>
    <name>insulator</name>
    <pose>Unspecified</pose>
    <truncated>0</truncated>
    <difficult>0</difficult>
    <robndbox>
      <cx>262.5003</cx>
      <cy>290.2007</cy>
      <w>197.4707</w>
      <h>47.0743</h>
      <angle>3.001593</angle>
    </robndbox>
  </object>
  <object>
    <type>robndbox</type>
    <name>insulator</name>
    <pose>Unspecified</pose>
    <truncated>0</truncated>
    <difficult>0</difficult>
    <robndbox>
      <cx>50.1946</cx>
      <cy>594.6527</cy>
      <w>90.9542</w>
      <h>38.5686</h>
      <angle>2.701593</angle>
    </robndbox>
  </object>
</annotation>
