<annotation verified="yes">
  <folder>img_out_resize_640</folder>
  <filename>38</filename>
  <path>D:\ryolov3research-pytorch-master-master\img_out_resize_640\38.jpg</path>
  <source>
    <database>Unknown</database>
  </source>
  <size>
    <width>640</width>
    <height>640</height>
    <depth>3</depth>
  </size>
  <segmented>0</segmented>
  <object>
    <type>robndbox</type>
    <name>insulator</name>
    <pose>Unspecified</pose>
    <truncated>0</truncated>
    <difficult>0</difficult>
    <robndbox>
      <cx>180.4871</cx>
      <cy>301.1179</cy>
      <w>259.8407</w>
      <h>53.0061</h>
      <angle>3.111593</angle>
    </robndbox>
  </object>
  <object>
    <type>robndbox</type>
    <name>insulator</name>
    <pose>Unspecified</pose>
    <truncated>0</truncated>
    <difficult>0</difficult>
    <robndbox>
      <cx>191.4871</cx>
      <cy>354.1179</cy>
      <w>257.8416</w>
      <h>53.0661</h>
      <angle>3.121593</angle>
    </robndbox>
  </object>
</annotation>
