<annotation verified="yes">
  <folder>img_out_resize_640</folder>
  <filename>39</filename>
  <path>D:\ryolov3research-pytorch-master-master\img_out_resize_640\39.jpg</path>
  <source>
    <database>Unknown</database>
  </source>
  <size>
    <width>640</width>
    <height>640</height>
    <depth>3</depth>
  </size>
  <segmented>0</segmented>
  <object>
    <type>robndbox</type>
    <name>insulator</name>
    <pose>Unspecified</pose>
    <truncated>0</truncated>
    <difficult>0</difficult>
    <robndbox>
      <cx>295.4112</cx>
      <cy>458.5205</cy>
      <w>231.7123</w>
      <h>40.9718</h>
      <angle>1.95</angle>
    </robndbox>
  </object>
  <object>
    <type>robndbox</type>
    <name>insulator</name>
    <pose>Unspecified</pose>
    <truncated>0</truncated>
    <difficult>0</difficult>
    <robndbox>
      <cx>528.6025</cx>
      <cy>456.4992</cy>
      <w>222.5549</w>
      <h>41.1525</h>
      <angle>2.05</angle>
    </robndbox>
  </object>
</annotation>
