<annotation verified="yes">
  <folder>img_out_resize_640</folder>
  <filename>4</filename>
  <path>D:\ryolov3research-pytorch-master-master\img_out_resize_640\4.jpg</path>
  <source>
    <database>Unknown</database>
  </source>
  <size>
    <width>640</width>
    <height>640</height>
    <depth>3</depth>
  </size>
  <segmented>0</segmented>
  <object>
    <type>robndbox</type>
    <name>insulator</name>
    <pose>Unspecified</pose>
    <truncated>0</truncated>
    <difficult>0</difficult>
    <robndbox>
      <cx>116.9507</cx>
      <cy>468.6473</cy>
      <w>337.4773</w>
      <h>45.32</h>
      <angle>1.78</angle>
    </robndbox>
  </object>
  <object>
    <type>robndbox</type>
    <name>insulator</name>
    <pose>Unspecified</pose>
    <truncated>0</truncated>
    <difficult>0</difficult>
    <robndbox>
      <cx>180.3472</cx>
      <cy>474.8086</cy>
      <w>325.6634</w>
      <h>44.6663</h>
      <angle>1.79</angle>
    </robndbox>
  </object>
</annotation>
