<annotation verified="yes">
  <folder>img_out_resize_640</folder>
  <filename>40</filename>
  <path>D:\ryolov3research-pytorch-master-master\img_out_resize_640\40.jpg</path>
  <source>
    <database>Unknown</database>
  </source>
  <size>
    <width>640</width>
    <height>640</height>
    <depth>3</depth>
  </size>
  <segmented>0</segmented>
  <object>
    <type>robndbox</type>
    <name>insulator</name>
    <pose>Unspecified</pose>
    <truncated>0</truncated>
    <difficult>0</difficult>
    <robndbox>
      <cx>272.4216</cx>
      <cy>325.8016</cy>
      <w>238.5848</w>
      <h>27.3315</h>
      <angle>2.23</angle>
    </robndbox>
  </object>
  <object>
    <type>robndbox</type>
    <name>insulator</name>
    <pose>Unspecified</pose>
    <truncated>0</truncated>
    <difficult>0</difficult>
    <robndbox>
      <cx>298.4216</cx>
      <cy>345.8016</cy>
      <w>238.5848</w>
      <h>27.3315</h>
      <angle>2.23</angle>
    </robndbox>
  </object>
  <object>
    <type>robndbox</type>
    <name>insulator</name>
    <pose>Unspecified</pose>
    <truncated>0</truncated>
    <difficult>0</difficult>
    <robndbox>
      <cx>419.0541</cx>
      <cy>279.7297</cy>
      <w>191.6325</w>
      <h>35.0709</h>
      <angle>1.59</angle>
    </robndbox>
  </object>
</annotation>
