<annotation verified="yes">
  <folder>img_out_resize_640</folder>
  <filename>41</filename>
  <path>D:\ryolov3research-pytorch-master-master\img_out_resize_640\41.jpg</path>
  <source>
    <database>Unknown</database>
  </source>
  <size>
    <width>640</width>
    <height>640</height>
    <depth>3</depth>
  </size>
  <segmented>0</segmented>
  <object>
    <type>robndbox</type>
    <name>insulator</name>
    <pose>Unspecified</pose>
    <truncated>0</truncated>
    <difficult>0</difficult>
    <robndbox>
      <cx>386.8288</cx>
      <cy>278.5008</cy>
      <w>190.4453</w>
      <h>41.2565</h>
      <angle>1.7</angle>
    </robndbox>
  </object>
  <object>
    <type>robndbox</type>
    <name>insulator</name>
    <pose>Unspecified</pose>
    <truncated>0</truncated>
    <difficult>0</difficult>
    <robndbox>
      <cx>256.6745</cx>
      <cy>348.8484</cy>
      <w>264.3582</w>
      <h>32.874</h>
      <angle>2.17</angle>
    </robndbox>
  </object>
  <object>
    <type>robndbox</type>
    <name>insulator</name>
    <pose>Unspecified</pose>
    <truncated>0</truncated>
    <difficult>0</difficult>
    <robndbox>
      <cx>285.5541</cx>
      <cy>378.7297</cy>
      <w>258.3357</w>
      <h>34.2735</h>
      <angle>2.18</angle>
    </robndbox>
  </object>
</annotation>
