<annotation verified="yes">
  <folder>img_out_resize_640</folder>
  <filename>42</filename>
  <path>D:\ryolov3research-pytorch-master-master\img_out_resize_640\42.jpg</path>
  <source>
    <database>Unknown</database>
  </source>
  <size>
    <width>640</width>
    <height>640</height>
    <depth>3</depth>
  </size>
  <segmented>0</segmented>
  <object>
    <type>robndbox</type>
    <name>insulator</name>
    <pose>Unspecified</pose>
    <truncated>0</truncated>
    <difficult>0</difficult>
    <robndbox>
      <cx>356.7326</cx>
      <cy>184.1718</cy>
      <w>180.73</w>
      <h>39.3597</h>
      <angle>1.85</angle>
    </robndbox>
  </object>
  <object>
    <type>robndbox</type>
    <name>insulator</name>
    <pose>Unspecified</pose>
    <truncated>0</truncated>
    <difficult>0</difficult>
    <robndbox>
      <cx>320.7067</cx>
      <cy>339.7281</cy>
      <w>280.1522</w>
      <h>31.4466</h>
      <angle>1.92</angle>
    </robndbox>
  </object>
  <object>
    <type>robndbox</type>
    <name>insulator</name>
    <pose>Unspecified</pose>
    <truncated>0</truncated>
    <difficult>0</difficult>
    <robndbox>
      <cx>282.7797</cx>
      <cy>320.85</cy>
      <w>279.2888</w>
      <h>29.7879</h>
      <angle>1.91</angle>
    </robndbox>
  </object>
</annotation>
