<annotation verified="yes">
  <folder>img_out_resize_640</folder>
  <filename>43</filename>
  <path>D:\ryolov3research-pytorch-master-master\img_out_resize_640\43.jpg</path>
  <source>
    <database>Unknown</database>
  </source>
  <size>
    <width>640</width>
    <height>640</height>
    <depth>3</depth>
  </size>
  <segmented>0</segmented>
  <object>
    <type>robndbox</type>
    <name>insulator</name>
    <pose>Unspecified</pose>
    <truncated>0</truncated>
    <difficult>0</difficult>
    <robndbox>
      <cx>239.3603</cx>
      <cy>308.4222</cy>
      <w>223.7257</w>
      <h>34.0269</h>
      <angle>2.751593</angle>
    </robndbox>
  </object>
  <object>
    <type>robndbox</type>
    <name>insulator</name>
    <pose>Unspecified</pose>
    <truncated>0</truncated>
    <difficult>0</difficult>
    <robndbox>
      <cx>250.3603</cx>
      <cy>346.4222</cy>
      <w>223.7257</w>
      <h>34.0269</h>
      <angle>2.751593</angle>
    </robndbox>
  </object>
  <object>
    <type>robndbox</type>
    <name>insulator</name>
    <pose>Unspecified</pose>
    <truncated>0</truncated>
    <difficult>0</difficult>
    <robndbox>
      <cx>431.8655</cx>
      <cy>346.8675</cy>
      <w>190.4999</w>
      <h>32.3722</h>
      <angle>1.671593</angle>
    </robndbox>
  </object>
</annotation>
