<annotation verified="yes">
  <folder>img_out_resize_640</folder>
  <filename>44</filename>
  <path>D:\ryolov3research-pytorch-master-master\img_out_resize_640\44.jpg</path>
  <source>
    <database>Unknown</database>
  </source>
  <size>
    <width>640</width>
    <height>640</height>
    <depth>3</depth>
  </size>
  <segmented>0</segmented>
  <object>
    <type>robndbox</type>
    <name>insulator</name>
    <pose>Unspecified</pose>
    <truncated>0</truncated>
    <difficult>0</difficult>
    <robndbox>
      <cx>237.5541</cx>
      <cy>338.2297</cy>
      <w>258.0</w>
      <h>47.0</h>
      <angle>2.691593</angle>
    </robndbox>
  </object>
  <object>
    <type>robndbox</type>
    <name>insulator</name>
    <pose>Unspecified</pose>
    <truncated>0</truncated>
    <difficult>0</difficult>
    <robndbox>
      <cx>250.5541</cx>
      <cy>384.2297</cy>
      <w>258.0</w>
      <h>47.0</h>
      <angle>2.691593</angle>
    </robndbox>
  </object>
  <object>
    <type>robndbox</type>
    <name>insulator</name>
    <pose>Unspecified</pose>
    <truncated>0</truncated>
    <difficult>0</difficult>
    <robndbox>
      <cx>442.3976</cx>
      <cy>335.8156</cy>
      <w>176.1065</w>
      <h>39.287</h>
      <angle>1.751593</angle>
    </robndbox>
  </object>
</annotation>
