<annotation verified="yes">
  <folder>img_out_resize_640</folder>
  <filename>45</filename>
  <path>D:\ryolov3research-pytorch-master-master\img_out_resize_640\45.jpg</path>
  <source>
    <database>Unknown</database>
  </source>
  <size>
    <width>640</width>
    <height>640</height>
    <depth>3</depth>
  </size>
  <segmented>0</segmented>
  <object>
    <type>robndbox</type>
    <name>insulator</name>
    <pose>Unspecified</pose>
    <truncated>0</truncated>
    <difficult>0</difficult>
    <robndbox>
      <cx>223.5461</cx>
      <cy>226.255</cy>
      <w>273.9989</w>
      <h>38.7862</h>
      <angle>2.611593</angle>
    </robndbox>
  </object>
  <object>
    <type>robndbox</type>
    <name>insulator</name>
    <pose>Unspecified</pose>
    <truncated>0</truncated>
    <difficult>0</difficult>
    <robndbox>
      <cx>241.5461</cx>
      <cy>280.255</cy>
      <w>273.9989</w>
      <h>38.7862</h>
      <angle>2.601593</angle>
    </robndbox>
  </object>
  <object>
    <type>robndbox</type>
    <name>insulator</name>
    <pose>Unspecified</pose>
    <truncated>0</truncated>
    <difficult>0</difficult>
    <robndbox>
      <cx>425.3267</cx>
      <cy>165.1244</cy>
      <w>130.0427</w>
      <h>46.5299</h>
      <angle>2.051593</angle>
    </robndbox>
  </object>
</annotation>
