<annotation verified="yes">
  <folder>img_out_resize_640</folder>
  <filename>46</filename>
  <path>D:\ryolov3research-pytorch-master-master\img_out_resize_640\46.jpg</path>
  <source>
    <database>Unknown</database>
  </source>
  <size>
    <width>640</width>
    <height>640</height>
    <depth>3</depth>
  </size>
  <segmented>0</segmented>
  <object>
    <type>robndbox</type>
    <name>insulator</name>
    <pose>Unspecified</pose>
    <truncated>0</truncated>
    <difficult>0</difficult>
    <robndbox>
      <cx>253.7866</cx>
      <cy>326.0378</cy>
      <w>246.3431</w>
      <h>36.1317</h>
      <angle>2.661593</angle>
    </robndbox>
  </object>
  <object>
    <type>robndbox</type>
    <name>insulator</name>
    <pose>Unspecified</pose>
    <truncated>0</truncated>
    <difficult>0</difficult>
    <robndbox>
      <cx>270.7866</cx>
      <cy>355.0378</cy>
      <w>246.3431</w>
      <h>36.1317</h>
      <angle>2.661593</angle>
    </robndbox>
  </object>
  <object>
    <type>robndbox</type>
    <name>insulator</name>
    <pose>Unspecified</pose>
    <truncated>0</truncated>
    <difficult>0</difficult>
    <robndbox>
      <cx>362.2058</cx>
      <cy>543.5785</cy>
      <w>220.8965</w>
      <h>32.708</h>
      <angle>2.561593</angle>
    </robndbox>
  </object>
  <object>
    <type>robndbox</type>
    <name>insulator</name>
    <pose>Unspecified</pose>
    <truncated>0</truncated>
    <difficult>0</difficult>
    <robndbox>
      <cx>385.7058</cx>
      <cy>562.1854</cy>
      <w>214.0912</w>
      <h>33.9714</h>
      <angle>2.561593</angle>
    </robndbox>
  </object>
  <object>
    <type>robndbox</type>
    <name>insulator</name>
    <pose>Unspecified</pose>
    <truncated>0</truncated>
    <difficult>0</difficult>
    <robndbox>
      <cx>94.838</cx>
      <cy>66.9717</cy>
      <w>207.2318</w>
      <h>25.7596</h>
      <angle>2.571593</angle>
    </robndbox>
  </object>
  <object>
    <type>robndbox</type>
    <name>insulator</name>
    <pose>Unspecified</pose>
    <truncated>0</truncated>
    <difficult>0</difficult>
    <robndbox>
      <cx>56.3072</cx>
      <cy>45.8649</cy>
      <w>112.5944</w>
      <h>32.0349</h>
      <angle>2.571593</angle>
    </robndbox>
  </object>
</annotation>
