<annotation verified="yes">
  <folder>img_out_resize_640</folder>
  <filename>47</filename>
  <path>D:\ryolov3research-pytorch-master-master\img_out_resize_640\47.jpg</path>
  <source>
    <database>Unknown</database>
  </source>
  <size>
    <width>640</width>
    <height>640</height>
    <depth>3</depth>
  </size>
  <segmented>0</segmented>
  <object>
    <type>robndbox</type>
    <name>insulator</name>
    <pose>Unspecified</pose>
    <truncated>0</truncated>
    <difficult>0</difficult>
    <robndbox>
      <cx>349.0541</cx>
      <cy>211.2297</cy>
      <w>221.0</w>
      <h>41.0</h>
      <angle>2.831593</angle>
    </robndbox>
  </object>
  <object>
    <type>robndbox</type>
    <name>insulator</name>
    <pose>Unspecified</pose>
    <truncated>0</truncated>
    <difficult>0</difficult>
    <robndbox>
      <cx>362.0608</cx>
      <cy>261.5728</cy>
      <w>212.5747</w>
      <h>41.1217</h>
      <angle>2.831593</angle>
    </robndbox>
  </object>
  <object>
    <type>robndbox</type>
    <name>insulator</name>
    <pose>Unspecified</pose>
    <truncated>0</truncated>
    <difficult>0</difficult>
    <robndbox>
      <cx>143.3692</cx>
      <cy>415.8843</cy>
      <w>212.1929</w>
      <h>35.5785</h>
      <angle>1.89</angle>
    </robndbox>
  </object>
</annotation>
