<annotation verified="yes">
  <folder>img_out_resize_640</folder>
  <filename>48</filename>
  <path>D:\ryolov3research-pytorch-master-master\img_out_resize_640\48.jpg</path>
  <source>
    <database>Unknown</database>
  </source>
  <size>
    <width>640</width>
    <height>640</height>
    <depth>3</depth>
  </size>
  <segmented>0</segmented>
  <object>
    <type>robndbox</type>
    <name>insulator</name>
    <pose>Unspecified</pose>
    <truncated>0</truncated>
    <difficult>0</difficult>
    <robndbox>
      <cx>360.6561</cx>
      <cy>175.8177</cy>
      <w>192.1645</w>
      <h>35.9042</h>
      <angle>0.0</angle>
    </robndbox>
  </object>
  <object>
    <type>robndbox</type>
    <name>insulator</name>
    <pose>Unspecified</pose>
    <truncated>0</truncated>
    <difficult>0</difficult>
    <robndbox>
      <cx>369.4664</cx>
      <cy>218.7888</cy>
      <w>185.8248</w>
      <h>35.9782</h>
      <angle>0.01</angle>
    </robndbox>
  </object>
  <object>
    <type>robndbox</type>
    <name>insulator</name>
    <pose>Unspecified</pose>
    <truncated>0</truncated>
    <difficult>0</difficult>
    <robndbox>
      <cx>449.9941</cx>
      <cy>536.1718</cy>
      <w>171.7978</w>
      <h>28.7563</h>
      <angle>0.12</angle>
    </robndbox>
  </object>
  <object>
    <type>robndbox</type>
    <name>insulator</name>
    <pose>Unspecified</pose>
    <truncated>0</truncated>
    <difficult>0</difficult>
    <robndbox>
      <cx>457.9941</cx>
      <cy>568.1718</cy>
      <w>171.7978</w>
      <h>28.7563</h>
      <angle>0.14</angle>
    </robndbox>
  </object>
  <object>
    <type>robndbox</type>
    <name>insulator</name>
    <pose>Unspecified</pose>
    <truncated>0</truncated>
    <difficult>0</difficult>
    <robndbox>
      <cx>166.6349</cx>
      <cy>321.0663</cy>
      <w>202.0545</w>
      <h>31.5238</h>
      <angle>1.87</angle>
    </robndbox>
  </object>
</annotation>
