<annotation verified="yes">
  <folder>img_out_resize_640</folder>
  <filename>49</filename>
  <path>D:\ryolov3research-pytorch-master-master\img_out_resize_640\49.jpg</path>
  <source>
    <database>Unknown</database>
  </source>
  <size>
    <width>640</width>
    <height>640</height>
    <depth>3</depth>
  </size>
  <segmented>0</segmented>
  <object>
    <type>robndbox</type>
    <name>insulator</name>
    <pose>Unspecified</pose>
    <truncated>0</truncated>
    <difficult>0</difficult>
    <robndbox>
      <cx>318.2238</cx>
      <cy>267.505</cy>
      <w>193.7631</w>
      <h>34.9639</h>
      <angle>0.13</angle>
    </robndbox>
  </object>
  <object>
    <type>robndbox</type>
    <name>insulator</name>
    <pose>Unspecified</pose>
    <truncated>0</truncated>
    <difficult>0</difficult>
    <robndbox>
      <cx>326.2238</cx>
      <cy>302.505</cy>
      <w>193.7631</w>
      <h>34.9639</h>
      <angle>0.15</angle>
    </robndbox>
  </object>
  <object>
    <type>robndbox</type>
    <name>insulator</name>
    <pose>Unspecified</pose>
    <truncated>0</truncated>
    <difficult>0</difficult>
    <robndbox>
      <cx>121.2349</cx>
      <cy>397.8705</cy>
      <w>208.3389</w>
      <h>30.0037</h>
      <angle>1.77</angle>
    </robndbox>
  </object>
</annotation>
