<annotation verified="yes">
  <folder>img_out_resize_640</folder>
  <filename>5</filename>
  <path>D:\ryolov3research-pytorch-master-master\img_out_resize_640\5.jpg</path>
  <source>
    <database>Unknown</database>
  </source>
  <size>
    <width>640</width>
    <height>640</height>
    <depth>3</depth>
  </size>
  <segmented>0</segmented>
  <object>
    <type>robndbox</type>
    <name>insulator</name>
    <pose>Unspecified</pose>
    <truncated>0</truncated>
    <difficult>0</difficult>
    <robndbox>
      <cx>117.5541</cx>
      <cy>456.2297</cy>
      <w>104.0</w>
      <h>33.0</h>
      <angle>1.38</angle>
    </robndbox>
  </object>
  <object>
    <type>robndbox</type>
    <name>insulator</name>
    <pose>Unspecified</pose>
    <truncated>0</truncated>
    <difficult>0</difficult>
    <robndbox>
      <cx>336.8559</cx>
      <cy>454.6152</cy>
      <w>131.1589</w>
      <h>33.1283</h>
      <angle>1.59</angle>
    </robndbox>
  </object>
  <object>
    <type>robndbox</type>
    <name>insulator</name>
    <pose>Unspecified</pose>
    <truncated>0</truncated>
    <difficult>0</difficult>
    <robndbox>
      <cx>568.8559</cx>
      <cy>467.6152</cy>
      <w>131.1589</w>
      <h>33.1283</h>
      <angle>1.71</angle>
    </robndbox>
  </object>
</annotation>
