<annotation verified="yes">
  <folder>img_out_resize_640</folder>
  <filename>50</filename>
  <path>D:\ryolov3research-pytorch-master-master\img_out_resize_640\50.jpg</path>
  <source>
    <database>Unknown</database>
  </source>
  <size>
    <width>640</width>
    <height>640</height>
    <depth>3</depth>
  </size>
  <segmented>0</segmented>
  <object>
    <type>robndbox</type>
    <name>insulator</name>
    <pose>Unspecified</pose>
    <truncated>0</truncated>
    <difficult>0</difficult>
    <robndbox>
      <cx>265.9989</cx>
      <cy>328.2829</cy>
      <w>264.5661</w>
      <h>27.2927</h>
      <angle>1.74</angle>
    </robndbox>
  </object>
  <object>
    <type>robndbox</type>
    <name>insulator</name>
    <pose>Unspecified</pose>
    <truncated>0</truncated>
    <difficult>0</difficult>
    <robndbox>
      <cx>300.9989</cx>
      <cy>335.2829</cy>
      <w>264.5661</w>
      <h>27.2927</h>
      <angle>1.74</angle>
    </robndbox>
  </object>
  <object>
    <type>robndbox</type>
    <name>insulator</name>
    <pose>Unspecified</pose>
    <truncated>0</truncated>
    <difficult>0</difficult>
    <robndbox>
      <cx>355.5541</cx>
      <cy>161.2297</cy>
      <w>184.3291</w>
      <h>33.0419</h>
      <angle>1.34</angle>
    </robndbox>
  </object>
</annotation>
