<annotation verified="yes">
  <folder>img_out_resize_640</folder>
  <filename>51</filename>
  <path>D:\ryolov3research-pytorch-master-master\img_out_resize_640\51.jpg</path>
  <source>
    <database>Unknown</database>
  </source>
  <size>
    <width>640</width>
    <height>640</height>
    <depth>3</depth>
  </size>
  <segmented>0</segmented>
  <object>
    <type>robndbox</type>
    <name>insulator</name>
    <pose>Unspecified</pose>
    <truncated>0</truncated>
    <difficult>0</difficult>
    <robndbox>
      <cx>58.9442</cx>
      <cy>447.1689</cy>
      <w>227.0604</w>
      <h>45.9985</h>
      <angle>1.44</angle>
    </robndbox>
  </object>
  <object>
    <type>robndbox</type>
    <name>insulator</name>
    <pose>Unspecified</pose>
    <truncated>0</truncated>
    <difficult>0</difficult>
    <robndbox>
      <cx>310.1499</cx>
      <cy>462.4607</cy>
      <w>237.6377</w>
      <h>45.4485</h>
      <angle>1.48</angle>
    </robndbox>
  </object>
  <object>
    <type>robndbox</type>
    <name>insulator</name>
    <pose>Unspecified</pose>
    <truncated>0</truncated>
    <difficult>0</difficult>
    <robndbox>
      <cx>610.5541</cx>
      <cy>477.7297</cy>
      <w>249.5292</w>
      <h>52.2988</h>
      <angle>1.58</angle>
    </robndbox>
  </object>
</annotation>
