<annotation verified="yes">
  <folder>img_out_resize_640</folder>
  <filename>52</filename>
  <path>D:\ryolov3research-pytorch-master-master\img_out_resize_640\52.jpg</path>
  <source>
    <database>Unknown</database>
  </source>
  <size>
    <width>640</width>
    <height>640</height>
    <depth>3</depth>
  </size>
  <segmented>0</segmented>
  <object>
    <type>robndbox</type>
    <name>insulator</name>
    <pose>Unspecified</pose>
    <truncated>0</truncated>
    <difficult>0</difficult>
    <robndbox>
      <cx>328.3355</cx>
      <cy>129.3792</cy>
      <w>185.8232</w>
      <h>36.3321</h>
      <angle>1.46</angle>
    </robndbox>
  </object>
  <object>
    <type>robndbox</type>
    <name>insulator</name>
    <pose>Unspecified</pose>
    <truncated>0</truncated>
    <difficult>0</difficult>
    <robndbox>
      <cx>288.8709</cx>
      <cy>323.1512</cy>
      <w>285.4821</w>
      <h>34.0078</h>
      <angle>1.59</angle>
    </robndbox>
  </object>
  <object>
    <type>robndbox</type>
    <name>insulator</name>
    <pose>Unspecified</pose>
    <truncated>0</truncated>
    <difficult>0</difficult>
    <robndbox>
      <cx>327.8709</cx>
      <cy>322.1512</cy>
      <w>285.4821</w>
      <h>34.0078</h>
      <angle>1.6</angle>
    </robndbox>
  </object>
</annotation>
