<annotation verified="yes">
  <folder>img_out_resize_640</folder>
  <filename>53</filename>
  <path>D:\ryolov3research-pytorch-master-master\img_out_resize_640\53.jpg</path>
  <source>
    <database>Unknown</database>
  </source>
  <size>
    <width>640</width>
    <height>640</height>
    <depth>3</depth>
  </size>
  <segmented>0</segmented>
  <object>
    <type>robndbox</type>
    <name>insulator</name>
    <pose>Unspecified</pose>
    <truncated>0</truncated>
    <difficult>0</difficult>
    <robndbox>
      <cx>222.1271</cx>
      <cy>134.4774</cy>
      <w>177.0394</w>
      <h>36.0559</h>
      <angle>1.69</angle>
    </robndbox>
  </object>
  <object>
    <type>robndbox</type>
    <name>insulator</name>
    <pose>Unspecified</pose>
    <truncated>0</truncated>
    <difficult>0</difficult>
    <robndbox>
      <cx>241.4187</cx>
      <cy>322.4754</cy>
      <w>284.9485</w>
      <h>29.7486</h>
      <angle>1.47</angle>
    </robndbox>
  </object>
  <object>
    <type>robndbox</type>
    <name>insulator</name>
    <pose>Unspecified</pose>
    <truncated>0</truncated>
    <difficult>0</difficult>
    <robndbox>
      <cx>280.7553</cx>
      <cy>322.7265</cy>
      <w>278.4116</w>
      <h>29.764</h>
      <angle>1.47</angle>
    </robndbox>
  </object>
  <object>
    <type>robndbox</type>
    <name>insulator</name>
    <pose>Unspecified</pose>
    <truncated>0</truncated>
    <difficult>0</difficult>
    <robndbox>
      <cx>629.6662</cx>
      <cy>302.6193</cy>
      <w>286.2062</w>
      <h>18.4522</h>
      <angle>1.57</angle>
    </robndbox>
  </object>
</annotation>
