<annotation verified="yes">
  <folder>img_out_resize_640</folder>
  <filename>54</filename>
  <path>D:\ryolov3research-pytorch-master-master\img_out_resize_640\54.jpg</path>
  <source>
    <database>Unknown</database>
  </source>
  <size>
    <width>640</width>
    <height>640</height>
    <depth>3</depth>
  </size>
  <segmented>0</segmented>
  <object>
    <type>robndbox</type>
    <name>insulator</name>
    <pose>Unspecified</pose>
    <truncated>0</truncated>
    <difficult>0</difficult>
    <robndbox>
      <cx>208.9217</cx>
      <cy>368.8748</cy>
      <w>218.0429</w>
      <h>32.3859</h>
      <angle>2.511593</angle>
    </robndbox>
  </object>
  <object>
    <type>robndbox</type>
    <name>insulator</name>
    <pose>Unspecified</pose>
    <truncated>0</truncated>
    <difficult>0</difficult>
    <robndbox>
      <cx>226.9217</cx>
      <cy>398.8748</cy>
      <w>218.0429</w>
      <h>32.3859</h>
      <angle>2.511593</angle>
    </robndbox>
  </object>
  <object>
    <type>robndbox</type>
    <name>insulator</name>
    <pose>Unspecified</pose>
    <truncated>0</truncated>
    <difficult>0</difficult>
    <robndbox>
      <cx>363.0719</cx>
      <cy>379.6374</cy>
      <w>190.5516</w>
      <h>34.5659</h>
      <angle>1.711593</angle>
    </robndbox>
  </object>
</annotation>
