<annotation verified="yes">
  <folder>img_out_resize_640</folder>
  <filename>55</filename>
  <path>D:\ryolov3research-pytorch-master-master\img_out_resize_640\55.jpg</path>
  <source>
    <database>Unknown</database>
  </source>
  <size>
    <width>640</width>
    <height>640</height>
    <depth>3</depth>
  </size>
  <segmented>0</segmented>
  <object>
    <type>robndbox</type>
    <name>insulator</name>
    <pose>Unspecified</pose>
    <truncated>0</truncated>
    <difficult>0</difficult>
    <robndbox>
      <cx>274.7827</cx>
      <cy>390.2504</cy>
      <w>244.0468</w>
      <h>22.617</h>
      <angle>2.461593</angle>
    </robndbox>
  </object>
  <object>
    <type>robndbox</type>
    <name>insulator</name>
    <pose>Unspecified</pose>
    <truncated>0</truncated>
    <difficult>0</difficult>
    <robndbox>
      <cx>297.7827</cx>
      <cy>426.2504</cy>
      <w>244.0468</w>
      <h>22.617</h>
      <angle>2.461593</angle>
    </robndbox>
  </object>
  <object>
    <type>robndbox</type>
    <name>insulator</name>
    <pose>Unspecified</pose>
    <truncated>0</truncated>
    <difficult>0</difficult>
    <robndbox>
      <cx>430.5541</cx>
      <cy>396.7297</cy>
      <w>198.6219</w>
      <h>37.0047</h>
      <angle>1.751593</angle>
    </robndbox>
  </object>
</annotation>
