<annotation verified="yes">
  <folder>img_out_resize_640</folder>
  <filename>56</filename>
  <path>D:\ryolov3research-pytorch-master-master\img_out_resize_640\56.jpg</path>
  <source>
    <database>Unknown</database>
  </source>
  <size>
    <width>640</width>
    <height>640</height>
    <depth>3</depth>
  </size>
  <segmented>0</segmented>
  <object>
    <type>robndbox</type>
    <name>insulator</name>
    <pose>Unspecified</pose>
    <truncated>0</truncated>
    <difficult>0</difficult>
    <robndbox>
      <cx>343.9873</cx>
      <cy>235.4313</cy>
      <w>180.7319</w>
      <h>41.671</h>
      <angle>1.96</angle>
    </robndbox>
  </object>
  <object>
    <type>robndbox</type>
    <name>insulator</name>
    <pose>Unspecified</pose>
    <truncated>0</truncated>
    <difficult>0</difficult>
    <robndbox>
      <cx>210.0541</cx>
      <cy>285.2297</cy>
      <w>257.5088</w>
      <h>31.5472</h>
      <angle>2.33</angle>
    </robndbox>
  </object>
  <object>
    <type>robndbox</type>
    <name>insulator</name>
    <pose>Unspecified</pose>
    <truncated>0</truncated>
    <difficult>0</difficult>
    <robndbox>
      <cx>238.2694</cx>
      <cy>326.7491</cy>
      <w>250.0202</w>
      <h>30.9758</h>
      <angle>2.33</angle>
    </robndbox>
  </object>
</annotation>
