<annotation verified="yes">
  <folder>img_out_resize_640</folder>
  <filename>57</filename>
  <path>D:\ryolov3research-pytorch-master-master\img_out_resize_640\57.jpg</path>
  <source>
    <database>Unknown</database>
  </source>
  <size>
    <width>640</width>
    <height>640</height>
    <depth>3</depth>
  </size>
  <segmented>0</segmented>
  <object>
    <type>robndbox</type>
    <name>insulator</name>
    <pose>Unspecified</pose>
    <truncated>0</truncated>
    <difficult>0</difficult>
    <robndbox>
      <cx>262.3255</cx>
      <cy>287.433</cy>
      <w>294.5707</w>
      <h>34.766</h>
      <angle>2.491593</angle>
    </robndbox>
  </object>
  <object>
    <type>robndbox</type>
    <name>insulator</name>
    <pose>Unspecified</pose>
    <truncated>0</truncated>
    <difficult>0</difficult>
    <robndbox>
      <cx>286.3255</cx>
      <cy>318.433</cy>
      <w>294.5707</w>
      <h>34.766</h>
      <angle>2.491593</angle>
    </robndbox>
  </object>
  <object>
    <type>robndbox</type>
    <name>insulator</name>
    <pose>Unspecified</pose>
    <truncated>0</truncated>
    <difficult>0</difficult>
    <robndbox>
      <cx>449.7497</cx>
      <cy>567.8007</cy>
      <w>206.1167</w>
      <h>29.7959</h>
      <angle>2.541593</angle>
    </robndbox>
  </object>
  <object>
    <type>robndbox</type>
    <name>insulator</name>
    <pose>Unspecified</pose>
    <truncated>0</truncated>
    <difficult>0</difficult>
    <robndbox>
      <cx>485.417</cx>
      <cy>582.0691</cy>
      <w>157.2455</w>
      <h>29.2109</h>
      <angle>2.541593</angle>
    </robndbox>
  </object>
  <object>
    <type>robndbox</type>
    <name>insulator</name>
    <pose>Unspecified</pose>
    <truncated>0</truncated>
    <difficult>0</difficult>
    <robndbox>
      <cx>88.0587</cx>
      <cy>585.0435</cy>
      <w>103.2422</w>
      <h>31.0139</h>
      <angle>1.59</angle>
    </robndbox>
  </object>
</annotation>
