<annotation verified="yes">
  <folder>img_out_resize_640</folder>
  <filename>58</filename>
  <path>D:\ryolov3research-pytorch-master-master\img_out_resize_640\58.jpg</path>
  <source>
    <database>Unknown</database>
  </source>
  <size>
    <width>640</width>
    <height>640</height>
    <depth>3</depth>
  </size>
  <segmented>0</segmented>
  <object>
    <type>robndbox</type>
    <name>insulator</name>
    <pose>Unspecified</pose>
    <truncated>0</truncated>
    <difficult>0</difficult>
    <robndbox>
      <cx>411.2776</cx>
      <cy>339.4604</cy>
      <w>187.9624</w>
      <h>36.1144</h>
      <angle>1.67</angle>
    </robndbox>
  </object>
  <object>
    <type>robndbox</type>
    <name>insulator</name>
    <pose>Unspecified</pose>
    <truncated>0</truncated>
    <difficult>0</difficult>
    <robndbox>
      <cx>232.9641</cx>
      <cy>370.6099</cy>
      <w>232.0797</w>
      <h>28.8898</h>
      <angle>2.45</angle>
    </robndbox>
  </object>
  <object>
    <type>robndbox</type>
    <name>insulator</name>
    <pose>Unspecified</pose>
    <truncated>0</truncated>
    <difficult>0</difficult>
    <robndbox>
      <cx>252.9641</cx>
      <cy>410.6099</cy>
      <w>232.0797</w>
      <h>28.8898</h>
      <angle>2.43</angle>
    </robndbox>
  </object>
</annotation>
