<annotation verified="yes">
  <folder>img_out_resize_640</folder>
  <filename>59</filename>
  <path>D:\ryolov3research-pytorch-master-master\img_out_resize_640\59.jpg</path>
  <source>
    <database>Unknown</database>
  </source>
  <size>
    <width>640</width>
    <height>640</height>
    <depth>3</depth>
  </size>
  <segmented>0</segmented>
  <object>
    <type>robndbox</type>
    <name>insulator</name>
    <pose>Unspecified</pose>
    <truncated>0</truncated>
    <difficult>0</difficult>
    <robndbox>
      <cx>408.3012</cx>
      <cy>171.6329</cy>
      <w>171.274</w>
      <h>42.4831</h>
      <angle>1.83</angle>
    </robndbox>
  </object>
  <object>
    <type>robndbox</type>
    <name>insulator</name>
    <pose>Unspecified</pose>
    <truncated>0</truncated>
    <difficult>0</difficult>
    <robndbox>
      <cx>239.804</cx>
      <cy>260.3434</cy>
      <w>267.6274</w>
      <h>36.6728</h>
      <angle>2.34</angle>
    </robndbox>
  </object>
  <object>
    <type>robndbox</type>
    <name>insulator</name>
    <pose>Unspecified</pose>
    <truncated>0</truncated>
    <difficult>0</difficult>
    <robndbox>
      <cx>267.804</cx>
      <cy>300.3434</cy>
      <w>267.6274</w>
      <h>36.6728</h>
      <angle>2.33</angle>
    </robndbox>
  </object>
</annotation>
