<annotation verified="yes">
  <folder>img_out_resize_640</folder>
  <filename>6</filename>
  <path>D:\ryolov3research-pytorch-master-master\img_out_resize_640\6.jpg</path>
  <source>
    <database>Unknown</database>
  </source>
  <size>
    <width>640</width>
    <height>640</height>
    <depth>3</depth>
  </size>
  <segmented>0</segmented>
  <object>
    <type>robndbox</type>
    <name>insulator</name>
    <pose>Unspecified</pose>
    <truncated>0</truncated>
    <difficult>0</difficult>
    <robndbox>
      <cx>46.5534</cx>
      <cy>383.5503</cy>
      <w>192.2368</w>
      <h>48.9413</h>
      <angle>1.81</angle>
    </robndbox>
  </object>
  <object>
    <type>robndbox</type>
    <name>insulator</name>
    <pose>Unspecified</pose>
    <truncated>0</truncated>
    <difficult>0</difficult>
    <robndbox>
      <cx>288.8703</cx>
      <cy>388.7141</cy>
      <w>171.5831</w>
      <h>41.7133</h>
      <angle>1.94</angle>
    </robndbox>
  </object>
  <object>
    <type>robndbox</type>
    <name>insulator</name>
    <pose>Unspecified</pose>
    <truncated>0</truncated>
    <difficult>0</difficult>
    <robndbox>
      <cx>490.5805</cx>
      <cy>387.6701</cy>
      <w>158.7764</w>
      <h>36.8955</h>
      <angle>2.05</angle>
    </robndbox>
  </object>
</annotation>
