<annotation verified="yes">
  <folder>img_out_resize_640</folder>
  <filename>60</filename>
  <path>D:\ryolov3research-pytorch-master-master\img_out_resize_640\60.jpg</path>
  <source>
    <database>Unknown</database>
  </source>
  <size>
    <width>640</width>
    <height>640</height>
    <depth>3</depth>
  </size>
  <segmented>0</segmented>
  <object>
    <type>robndbox</type>
    <name>insulator</name>
    <pose>Unspecified</pose>
    <truncated>0</truncated>
    <difficult>0</difficult>
    <robndbox>
      <cx>180.986</cx>
      <cy>294.1677</cy>
      <w>276.9758</w>
      <h>37.0616</h>
      <angle>0.18</angle>
    </robndbox>
  </object>
  <object>
    <type>robndbox</type>
    <name>insulator</name>
    <pose>Unspecified</pose>
    <truncated>0</truncated>
    <difficult>0</difficult>
    <robndbox>
      <cx>174.986</cx>
      <cy>347.1677</cy>
      <w>276.9758</w>
      <h>37.0616</h>
      <angle>0.18</angle>
    </robndbox>
  </object>
</annotation>
