<annotation verified="yes">
  <folder>img_out_resize_640</folder>
  <filename>61</filename>
  <path>D:\ryolov3research-pytorch-master-master\img_out_resize_640\61.jpg</path>
  <source>
    <database>Unknown</database>
  </source>
  <size>
    <width>640</width>
    <height>640</height>
    <depth>3</depth>
  </size>
  <segmented>0</segmented>
  <object>
    <type>robndbox</type>
    <name>insulator</name>
    <pose>Unspecified</pose>
    <truncated>0</truncated>
    <difficult>0</difficult>
    <robndbox>
      <cx>371.0206</cx>
      <cy>342.941</cy>
      <w>198.0541</w>
      <h>35.0344</h>
      <angle>1.52</angle>
    </robndbox>
  </object>
  <object>
    <type>robndbox</type>
    <name>insulator</name>
    <pose>Unspecified</pose>
    <truncated>0</truncated>
    <difficult>0</difficult>
    <robndbox>
      <cx>65.4746</cx>
      <cy>83.951</cy>
      <w>157.9795</w>
      <h>35.9725</h>
      <angle>1.63</angle>
    </robndbox>
  </object>
  <object>
    <type>robndbox</type>
    <name>insulator</name>
    <pose>Unspecified</pose>
    <truncated>0</truncated>
    <difficult>0</difficult>
    <robndbox>
      <cx>232.6132</cx>
      <cy>388.6018</cy>
      <w>231.5589</w>
      <h>24.7285</h>
      <angle>2.16</angle>
    </robndbox>
  </object>
  <object>
    <type>robndbox</type>
    <name>insulator</name>
    <pose>Unspecified</pose>
    <truncated>0</truncated>
    <difficult>0</difficult>
    <robndbox>
      <cx>258.8883</cx>
      <cy>406.6039</cy>
      <w>228.59</w>
      <h>27.4709</h>
      <angle>2.18</angle>
    </robndbox>
  </object>
</annotation>
