<annotation verified="yes">
  <folder>img_out_resize_640</folder>
  <filename>62</filename>
  <path>D:\ryolov3research-pytorch-master-master\img_out_resize_640\62.jpg</path>
  <source>
    <database>Unknown</database>
  </source>
  <size>
    <width>640</width>
    <height>640</height>
    <depth>3</depth>
  </size>
  <segmented>0</segmented>
  <object>
    <type>robndbox</type>
    <name>insulator</name>
    <pose>Unspecified</pose>
    <truncated>0</truncated>
    <difficult>0</difficult>
    <robndbox>
      <cx>257.3829</cx>
      <cy>332.8155</cy>
      <w>188.3636</w>
      <h>40.7781</h>
      <angle>0.15</angle>
    </robndbox>
  </object>
</annotation>
