<annotation verified="yes">
  <folder>img_out_resize_640</folder>
  <filename>63</filename>
  <path>D:\ryolov3research-pytorch-master-master\img_out_resize_640\63.jpg</path>
  <source>
    <database>Unknown</database>
  </source>
  <size>
    <width>640</width>
    <height>640</height>
    <depth>3</depth>
  </size>
  <segmented>0</segmented>
  <object>
    <type>robndbox</type>
    <name>insulator</name>
    <pose>Unspecified</pose>
    <truncated>0</truncated>
    <difficult>0</difficult>
    <robndbox>
      <cx>60.9591</cx>
      <cy>221.0456</cy>
      <w>237.0746</w>
      <h>52.5322</h>
      <angle>1.73</angle>
    </robndbox>
  </object>
  <object>
    <type>robndbox</type>
    <name>insulator</name>
    <pose>Unspecified</pose>
    <truncated>0</truncated>
    <difficult>0</difficult>
    <robndbox>
      <cx>316.1176</cx>
      <cy>243.6587</cy>
      <w>205.7223</w>
      <h>48.7643</h>
      <angle>1.64</angle>
    </robndbox>
  </object>
  <object>
    <type>robndbox</type>
    <name>insulator</name>
    <pose>Unspecified</pose>
    <truncated>0</truncated>
    <difficult>0</difficult>
    <robndbox>
      <cx>518.1768</cx>
      <cy>251.2555</cy>
      <w>179.8956</w>
      <h>40.3128</h>
      <angle>1.54</angle>
    </robndbox>
  </object>
</annotation>
