<annotation verified="yes">
  <folder>img_out_resize_640</folder>
  <filename>64</filename>
  <path>D:\ryolov3research-pytorch-master-master\img_out_resize_640\64.jpg</path>
  <source>
    <database>Unknown</database>
  </source>
  <size>
    <width>640</width>
    <height>640</height>
    <depth>3</depth>
  </size>
  <segmented>0</segmented>
  <object>
    <type>robndbox</type>
    <name>insulator</name>
    <pose>Unspecified</pose>
    <truncated>0</truncated>
    <difficult>0</difficult>
    <robndbox>
      <cx>240.9483</cx>
      <cy>285.6367</cy>
      <w>183.4932</w>
      <h>42.0829</h>
      <angle>0.12</angle>
    </robndbox>
  </object>
  <object>
    <type>robndbox</type>
    <name>insulator</name>
    <pose>Unspecified</pose>
    <truncated>0</truncated>
    <difficult>0</difficult>
    <robndbox>
      <cx>49.4074</cx>
      <cy>563.9222</cy>
      <w>95.1169</w>
      <h>33.3978</h>
      <angle>2.58</angle>
    </robndbox>
  </object>
</annotation>
