<annotation verified="yes">
  <folder>img_out_resize_640</folder>
  <filename>65</filename>
  <path>D:\ryolov3research-pytorch-master-master\img_out_resize_640\65.jpg</path>
  <source>
    <database>Unknown</database>
  </source>
  <size>
    <width>640</width>
    <height>640</height>
    <depth>3</depth>
  </size>
  <segmented>0</segmented>
  <object>
    <type>robndbox</type>
    <name>insulator</name>
    <pose>Unspecified</pose>
    <truncated>0</truncated>
    <difficult>0</difficult>
    <robndbox>
      <cx>319.7391</cx>
      <cy>220.5821</cy>
      <w>203.0879</w>
      <h>36.2498</h>
      <angle>1.47</angle>
    </robndbox>
  </object>
  <object>
    <type>robndbox</type>
    <name>insulator</name>
    <pose>Unspecified</pose>
    <truncated>0</truncated>
    <difficult>0</difficult>
    <robndbox>
      <cx>205.9784</cx>
      <cy>323.8101</cy>
      <w>266.3108</w>
      <h>26.953</h>
      <angle>1.94</angle>
    </robndbox>
  </object>
  <object>
    <type>robndbox</type>
    <name>insulator</name>
    <pose>Unspecified</pose>
    <truncated>0</truncated>
    <difficult>0</difficult>
    <robndbox>
      <cx>239.9784</cx>
      <cy>339.8101</cy>
      <w>266.3108</w>
      <h>26.953</h>
      <angle>1.95</angle>
    </robndbox>
  </object>
  <object>
    <type>robndbox</type>
    <name>insulator</name>
    <pose>Unspecified</pose>
    <truncated>0</truncated>
    <difficult>0</difficult>
    <robndbox>
      <cx>532.1181</cx>
      <cy>497.6163</cy>
      <w>240.548</w>
      <h>22.1076</h>
      <angle>1.97</angle>
    </robndbox>
  </object>
  <object>
    <type>robndbox</type>
    <name>insulator</name>
    <pose>Unspecified</pose>
    <truncated>0</truncated>
    <difficult>0</difficult>
    <robndbox>
      <cx>561.1181</cx>
      <cy>504.6163</cy>
      <w>240.548</w>
      <h>22.1076</h>
      <angle>1.97</angle>
    </robndbox>
  </object>
</annotation>
