<annotation verified="yes">
  <folder>img_out_resize_640</folder>
  <filename>66</filename>
  <path>D:\ryolov3research-pytorch-master-master\img_out_resize_640\66.jpg</path>
  <source>
    <database>Unknown</database>
  </source>
  <size>
    <width>640</width>
    <height>640</height>
    <depth>3</depth>
  </size>
  <segmented>0</segmented>
  <object>
    <type>robndbox</type>
    <name>insulator</name>
    <pose>Unspecified</pose>
    <truncated>0</truncated>
    <difficult>0</difficult>
    <robndbox>
      <cx>279.2588</cx>
      <cy>267.5294</cy>
      <w>279.4853</w>
      <h>17.7766</h>
      <angle>1.971593</angle>
    </robndbox>
  </object>
  <object>
    <type>robndbox</type>
    <name>insulator</name>
    <pose>Unspecified</pose>
    <truncated>0</truncated>
    <difficult>0</difficult>
    <robndbox>
      <cx>364.4001</cx>
      <cy>150.4975</cy>
      <w>192.5713</w>
      <h>43.4077</h>
      <angle>1.801593</angle>
    </robndbox>
  </object>
  <object>
    <type>robndbox</type>
    <name>insulator</name>
    <pose>Unspecified</pose>
    <truncated>0</truncated>
    <difficult>0</difficult>
    <robndbox>
      <cx>322.2588</cx>
      <cy>285.5294</cy>
      <w>279.4853</w>
      <h>17.7766</h>
      <angle>1.981593</angle>
    </robndbox>
  </object>
</annotation>
