<annotation verified="yes">
  <folder>img_out_resize_640</folder>
  <filename>67</filename>
  <path>D:\ryolov3research-pytorch-master-master\img_out_resize_640\67.jpg</path>
  <source>
    <database>Unknown</database>
  </source>
  <size>
    <width>640</width>
    <height>640</height>
    <depth>3</depth>
  </size>
  <segmented>0</segmented>
  <object>
    <type>robndbox</type>
    <name>insulator</name>
    <pose>Unspecified</pose>
    <truncated>0</truncated>
    <difficult>0</difficult>
    <robndbox>
      <cx>392.5906</cx>
      <cy>291.4113</cy>
      <w>192.7406</w>
      <h>31.9418</h>
      <angle>1.55</angle>
    </robndbox>
  </object>
  <object>
    <type>robndbox</type>
    <name>insulator</name>
    <pose>Unspecified</pose>
    <truncated>0</truncated>
    <difficult>0</difficult>
    <robndbox>
      <cx>231.0904</cx>
      <cy>355.0459</cy>
      <w>228.8864</w>
      <h>24.6081</h>
      <angle>2.25</angle>
    </robndbox>
  </object>
  <object>
    <type>robndbox</type>
    <name>insulator</name>
    <pose>Unspecified</pose>
    <truncated>0</truncated>
    <difficult>0</difficult>
    <robndbox>
      <cx>256.0904</cx>
      <cy>385.5459</cy>
      <w>244.0268</w>
      <h>22.6664</h>
      <angle>2.25</angle>
    </robndbox>
  </object>
</annotation>
