<annotation verified="yes">
  <folder>img_out_resize_640</folder>
  <filename>68</filename>
  <path>D:\ryolov3research-pytorch-master-master\img_out_resize_640\68.jpg</path>
  <source>
    <database>Unknown</database>
  </source>
  <size>
    <width>640</width>
    <height>640</height>
    <depth>3</depth>
  </size>
  <segmented>0</segmented>
  <object>
    <type>robndbox</type>
    <name>insulator</name>
    <pose>Unspecified</pose>
    <truncated>0</truncated>
    <difficult>0</difficult>
    <robndbox>
      <cx>302.5867</cx>
      <cy>252.7424</cy>
      <w>304.8975</w>
      <h>45.2679</h>
      <angle>2.781593</angle>
    </robndbox>
  </object>
  <object>
    <type>robndbox</type>
    <name>insulator</name>
    <pose>Unspecified</pose>
    <truncated>0</truncated>
    <difficult>0</difficult>
    <robndbox>
      <cx>324.345</cx>
      <cy>289.0109</cy>
      <w>302.4006</w>
      <h>45.6367</h>
      <angle>2.791593</angle>
    </robndbox>
  </object>
  <object>
    <type>robndbox</type>
    <name>insulator</name>
    <pose>Unspecified</pose>
    <truncated>0</truncated>
    <difficult>0</difficult>
    <robndbox>
      <cx>42.74</cx>
      <cy>500.0432</cy>
      <w>144.2768</w>
      <h>30.6298</h>
      <angle>1.9</angle>
    </robndbox>
  </object>
</annotation>
