<annotation verified="yes">
  <folder>img_out_resize_640</folder>
  <filename>69</filename>
  <path>D:\ryolov3research-pytorch-master-master\img_out_resize_640\69.jpg</path>
  <source>
    <database>Unknown</database>
  </source>
  <size>
    <width>640</width>
    <height>640</height>
    <depth>3</depth>
  </size>
  <segmented>0</segmented>
  <object>
    <type>robndbox</type>
    <name>insulator</name>
    <pose>Unspecified</pose>
    <truncated>0</truncated>
    <difficult>0</difficult>
    <robndbox>
      <cx>277.8851</cx>
      <cy>305.7533</cy>
      <w>302.5604</w>
      <h>32.7937</h>
      <angle>2.031593</angle>
    </robndbox>
  </object>
  <object>
    <type>robndbox</type>
    <name>insulator</name>
    <pose>Unspecified</pose>
    <truncated>0</truncated>
    <difficult>0</difficult>
    <robndbox>
      <cx>320.8851</cx>
      <cy>331.7533</cy>
      <w>302.5604</w>
      <h>32.7937</h>
      <angle>2.041593</angle>
    </robndbox>
  </object>
  <object>
    <type>robndbox</type>
    <name>insulator</name>
    <pose>Unspecified</pose>
    <truncated>0</truncated>
    <difficult>0</difficult>
    <robndbox>
      <cx>441.5453</cx>
      <cy>149.2397</cy>
      <w>183.2212</w>
      <h>41.0788</h>
      <angle>1.521593</angle>
    </robndbox>
  </object>
</annotation>
