<annotation verified="yes">
  <folder>img_out_resize_640</folder>
  <filename>7</filename>
  <path>D:\ryolov3research-pytorch-master-master\img_out_resize_640\7.jpg</path>
  <source>
    <database>Unknown</database>
  </source>
  <size>
    <width>640</width>
    <height>640</height>
    <depth>3</depth>
  </size>
  <segmented>0</segmented>
  <object>
    <type>robndbox</type>
    <name>insulator</name>
    <pose>Unspecified</pose>
    <truncated>0</truncated>
    <difficult>0</difficult>
    <robndbox>
      <cx>79.6433</cx>
      <cy>463.2221</cy>
      <w>230.2003</w>
      <h>50.3675</h>
      <angle>1.73</angle>
    </robndbox>
  </object>
  <object>
    <type>robndbox</type>
    <name>insulator</name>
    <pose>Unspecified</pose>
    <truncated>0</truncated>
    <difficult>0</difficult>
    <robndbox>
      <cx>325.2012</cx>
      <cy>426.0223</cy>
      <w>206.6495</w>
      <h>42.9679</h>
      <angle>1.81</angle>
    </robndbox>
  </object>
  <object>
    <type>robndbox</type>
    <name>insulator</name>
    <pose>Unspecified</pose>
    <truncated>0</truncated>
    <difficult>0</difficult>
    <robndbox>
      <cx>517.814</cx>
      <cy>393.0774</cy>
      <w>183.7976</w>
      <h>36.2304</h>
      <angle>1.85</angle>
    </robndbox>
  </object>
</annotation>
