<annotation verified="yes">
  <folder>img_out_resize_640</folder>
  <filename>70</filename>
  <path>D:\ryolov3research-pytorch-master-master\img_out_resize_640\70.jpg</path>
  <source>
    <database>Unknown</database>
  </source>
  <size>
    <width>640</width>
    <height>640</height>
    <depth>3</depth>
  </size>
  <segmented>0</segmented>
  <object>
    <type>robndbox</type>
    <name>insulator</name>
    <pose>Unspecified</pose>
    <truncated>0</truncated>
    <difficult>0</difficult>
    <robndbox>
      <cx>429.4086</cx>
      <cy>202.2957</cy>
      <w>150.5346</w>
      <h>39.8755</h>
      <angle>2.011593</angle>
    </robndbox>
  </object>
  <object>
    <type>robndbox</type>
    <name>insulator</name>
    <pose>Unspecified</pose>
    <truncated>0</truncated>
    <difficult>0</difficult>
    <robndbox>
      <cx>300.0541</cx>
      <cy>355.2297</cy>
      <w>279.034</w>
      <h>21.3079</h>
      <angle>2.081593</angle>
    </robndbox>
  </object>
  <object>
    <type>robndbox</type>
    <name>insulator</name>
    <pose>Unspecified</pose>
    <truncated>0</truncated>
    <difficult>0</difficult>
    <robndbox>
      <cx>334.9735</cx>
      <cy>383.8393</cy>
      <w>279.6311</w>
      <h>20.7796</h>
      <angle>2.091593</angle>
    </robndbox>
  </object>
</annotation>
