<annotation verified="yes">
  <folder>img_out_resize_640</folder>
  <filename>71</filename>
  <path>D:\ryolov3research-pytorch-master-master\img_out_resize_640\71.jpg</path>
  <source>
    <database>Unknown</database>
  </source>
  <size>
    <width>640</width>
    <height>640</height>
    <depth>3</depth>
  </size>
  <segmented>0</segmented>
  <object>
    <type>robndbox</type>
    <name>insulator</name>
    <pose>Unspecified</pose>
    <truncated>0</truncated>
    <difficult>0</difficult>
    <robndbox>
      <cx>277.3532</cx>
      <cy>328.3248</cy>
      <w>190.2592</w>
      <h>31.0923</h>
      <angle>2.701593</angle>
    </robndbox>
  </object>
  <object>
    <type>robndbox</type>
    <name>insulator</name>
    <pose>Unspecified</pose>
    <truncated>0</truncated>
    <difficult>0</difficult>
    <robndbox>
      <cx>299.3532</cx>
      <cy>364.8248</cy>
      <w>182.7418</w>
      <h>33.2112</h>
      <angle>2.721593</angle>
    </robndbox>
  </object>
</annotation>
