<annotation verified="yes">
  <folder>img_out_resize_640</folder>
  <filename>72</filename>
  <path>D:\ryolov3research-pytorch-master-master\img_out_resize_640\72.jpg</path>
  <source>
    <database>Unknown</database>
  </source>
  <size>
    <width>640</width>
    <height>640</height>
    <depth>3</depth>
  </size>
  <segmented>0</segmented>
  <object>
    <type>robndbox</type>
    <name>insulator</name>
    <pose>Unspecified</pose>
    <truncated>0</truncated>
    <difficult>0</difficult>
    <robndbox>
      <cx>284.8125</cx>
      <cy>284.4149</cy>
      <w>212.2895</w>
      <h>39.5094</h>
      <angle>2.481593</angle>
    </robndbox>
  </object>
  <object>
    <type>robndbox</type>
    <name>insulator</name>
    <pose>Unspecified</pose>
    <truncated>0</truncated>
    <difficult>0</difficult>
    <robndbox>
      <cx>305.5279</cx>
      <cy>330.8771</cy>
      <w>209.6357</w>
      <h>38.7957</h>
      <angle>2.531593</angle>
    </robndbox>
  </object>
</annotation>
