<annotation verified="yes">
  <folder>img_out_resize_640</folder>
  <filename>73</filename>
  <path>D:\ryolov3research-pytorch-master-master\img_out_resize_640\73.jpg</path>
  <source>
    <database>Unknown</database>
  </source>
  <size>
    <width>640</width>
    <height>640</height>
    <depth>3</depth>
  </size>
  <segmented>0</segmented>
  <object>
    <type>robndbox</type>
    <name>insulator</name>
    <pose>Unspecified</pose>
    <truncated>0</truncated>
    <difficult>0</difficult>
    <robndbox>
      <cx>215.1817</cx>
      <cy>306.4453</cy>
      <w>220.0805</w>
      <h>39.2601</h>
      <angle>2.291593</angle>
    </robndbox>
  </object>
  <object>
    <type>robndbox</type>
    <name>insulator</name>
    <pose>Unspecified</pose>
    <truncated>0</truncated>
    <difficult>0</difficult>
    <robndbox>
      <cx>242.1817</cx>
      <cy>353.4453</cy>
      <w>220.0805</w>
      <h>39.2601</h>
      <angle>2.311593</angle>
    </robndbox>
  </object>
</annotation>
