<annotation verified="yes">
  <folder>img_out_resize_640</folder>
  <filename>74</filename>
  <path>D:\ryolov3research-pytorch-master-master\img_out_resize_640\74.jpg</path>
  <source>
    <database>Unknown</database>
  </source>
  <size>
    <width>640</width>
    <height>640</height>
    <depth>3</depth>
  </size>
  <segmented>0</segmented>
  <object>
    <type>robndbox</type>
    <name>insulator</name>
    <pose>Unspecified</pose>
    <truncated>0</truncated>
    <difficult>0</difficult>
    <robndbox>
      <cx>407.4331</cx>
      <cy>299.2897</cy>
      <w>221.6029</w>
      <h>30.6431</h>
      <angle>1.51</angle>
    </robndbox>
  </object>
  <object>
    <type>robndbox</type>
    <name>insulator</name>
    <pose>Unspecified</pose>
    <truncated>0</truncated>
    <difficult>0</difficult>
    <robndbox>
      <cx>368.4331</cx>
      <cy>298.2897</cy>
      <w>221.6029</w>
      <h>30.6431</h>
      <angle>1.49</angle>
    </robndbox>
  </object>
</annotation>
