<annotation verified="yes">
  <folder>img_out_resize_640</folder>
  <filename>75</filename>
  <path>D:\ryolov3research-pytorch-master-master\img_out_resize_640\75.jpg</path>
  <source>
    <database>Unknown</database>
  </source>
  <size>
    <width>640</width>
    <height>640</height>
    <depth>3</depth>
  </size>
  <segmented>0</segmented>
  <object>
    <type>robndbox</type>
    <name>insulator</name>
    <pose>Unspecified</pose>
    <truncated>0</truncated>
    <difficult>0</difficult>
    <robndbox>
      <cx>337.053</cx>
      <cy>291.7987</cy>
      <w>209.3467</w>
      <h>33.6034</h>
      <angle>1.19</angle>
    </robndbox>
  </object>
  <object>
    <type>robndbox</type>
    <name>insulator</name>
    <pose>Unspecified</pose>
    <truncated>0</truncated>
    <difficult>0</difficult>
    <robndbox>
      <cx>300.053</cx>
      <cy>302.7987</cy>
      <w>209.3467</w>
      <h>33.6034</h>
      <angle>1.18</angle>
    </robndbox>
  </object>
</annotation>
