<annotation verified="yes">
  <folder>img_out_resize_640</folder>
  <filename>76</filename>
  <path>D:\ryolov3research-pytorch-master-master\img_out_resize_640\76.jpg</path>
  <source>
    <database>Unknown</database>
  </source>
  <size>
    <width>640</width>
    <height>640</height>
    <depth>3</depth>
  </size>
  <segmented>0</segmented>
  <object>
    <type>robndbox</type>
    <name>insulator</name>
    <pose>Unspecified</pose>
    <truncated>0</truncated>
    <difficult>0</difficult>
    <robndbox>
      <cx>325.6829</cx>
      <cy>422.8426</cy>
      <w>238.0361</w>
      <h>49.5614</h>
      <angle>1.66</angle>
    </robndbox>
  </object>
  <object>
    <type>robndbox</type>
    <name>insulator</name>
    <pose>Unspecified</pose>
    <truncated>0</truncated>
    <difficult>0</difficult>
    <robndbox>
      <cx>29.9818</cx>
      <cy>442.787</cy>
      <w>259.9229</w>
      <h>46.9376</h>
      <angle>1.57</angle>
    </robndbox>
  </object>
  <object>
    <type>robndbox</type>
    <name>insulator</name>
    <pose>Unspecified</pose>
    <truncated>0</truncated>
    <difficult>0</difficult>
    <robndbox>
      <cx>577.5981</cx>
      <cy>410.915</cy>
      <w>226.082</w>
      <h>45.1551</h>
      <angle>1.71</angle>
    </robndbox>
  </object>
</annotation>
