<annotation verified="yes">
  <folder>img_out_resize_640</folder>
  <filename>77</filename>
  <path>D:\ryolov3research-pytorch-master-master\img_out_resize_640\77.jpg</path>
  <source>
    <database>Unknown</database>
  </source>
  <size>
    <width>640</width>
    <height>640</height>
    <depth>3</depth>
  </size>
  <segmented>0</segmented>
  <object>
    <type>robndbox</type>
    <name>insulator</name>
    <pose>Unspecified</pose>
    <truncated>0</truncated>
    <difficult>0</difficult>
    <robndbox>
      <cx>86.7805</cx>
      <cy>276.5118</cy>
      <w>153.3185</w>
      <h>27.9881</h>
      <angle>1.6</angle>
    </robndbox>
  </object>
  <object>
    <type>robndbox</type>
    <name>insulator</name>
    <pose>Unspecified</pose>
    <truncated>0</truncated>
    <difficult>0</difficult>
    <robndbox>
      <cx>119.7805</cx>
      <cy>279.5118</cy>
      <w>153.3185</w>
      <h>27.9881</h>
      <angle>1.61</angle>
    </robndbox>
  </object>
  <object>
    <type>robndbox</type>
    <name>insulator</name>
    <pose>Unspecified</pose>
    <truncated>0</truncated>
    <difficult>0</difficult>
    <robndbox>
      <cx>276.5366</cx>
      <cy>324.8748</cy>
      <w>146.5748</w>
      <h>27.9664</h>
      <angle>1.64</angle>
    </robndbox>
  </object>
  <object>
    <type>robndbox</type>
    <name>insulator</name>
    <pose>Unspecified</pose>
    <truncated>0</truncated>
    <difficult>0</difficult>
    <robndbox>
      <cx>311.0366</cx>
      <cy>326.3748</cy>
      <w>143.5129</w>
      <h>27.1763</h>
      <angle>1.65</angle>
    </robndbox>
  </object>
  <object>
    <type>robndbox</type>
    <name>insulator</name>
    <pose>Unspecified</pose>
    <truncated>0</truncated>
    <difficult>0</difficult>
    <robndbox>
      <cx>463.0366</cx>
      <cy>352.3748</cy>
      <w>143.5129</w>
      <h>27.1763</h>
      <angle>1.68</angle>
    </robndbox>
  </object>
  <object>
    <type>robndbox</type>
    <name>insulator</name>
    <pose>Unspecified</pose>
    <truncated>0</truncated>
    <difficult>0</difficult>
    <robndbox>
      <cx>493.0366</cx>
      <cy>350.3748</cy>
      <w>143.5129</w>
      <h>27.1763</h>
      <angle>1.68</angle>
    </robndbox>
  </object>
</annotation>
