<annotation verified="yes">
  <folder>img_out_resize_640</folder>
  <filename>78</filename>
  <path>D:\ryolov3research-pytorch-master-master\img_out_resize_640\78.jpg</path>
  <source>
    <database>Unknown</database>
  </source>
  <size>
    <width>640</width>
    <height>640</height>
    <depth>3</depth>
  </size>
  <segmented>0</segmented>
  <object>
    <type>robndbox</type>
    <name>insulator</name>
    <pose>Unspecified</pose>
    <truncated>0</truncated>
    <difficult>0</difficult>
    <robndbox>
      <cx>355.0192</cx>
      <cy>284.3293</cy>
      <w>201.1328</w>
      <h>32.6236</h>
      <angle>0.84</angle>
    </robndbox>
  </object>
  <object>
    <type>robndbox</type>
    <name>insulator</name>
    <pose>Unspecified</pose>
    <truncated>0</truncated>
    <difficult>0</difficult>
    <robndbox>
      <cx>321.0192</cx>
      <cy>300.3293</cy>
      <w>201.1328</w>
      <h>32.6236</h>
      <angle>0.81</angle>
    </robndbox>
  </object>
</annotation>
