<annotation verified="yes">
  <folder>img_out_resize_640</folder>
  <filename>79</filename>
  <path>D:\ryolov3research-pytorch-master-master\img_out_resize_640\79.jpg</path>
  <source>
    <database>Unknown</database>
  </source>
  <size>
    <width>640</width>
    <height>640</height>
    <depth>3</depth>
  </size>
  <segmented>0</segmented>
  <object>
    <type>robndbox</type>
    <name>insulator</name>
    <pose>Unspecified</pose>
    <truncated>0</truncated>
    <difficult>0</difficult>
    <robndbox>
      <cx>226.9261</cx>
      <cy>247.8815</cy>
      <w>357.9902</w>
      <h>42.8313</h>
      <angle>2.711593</angle>
    </robndbox>
  </object>
  <object>
    <type>robndbox</type>
    <name>insulator</name>
    <pose>Unspecified</pose>
    <truncated>0</truncated>
    <difficult>0</difficult>
    <robndbox>
      <cx>250.9261</cx>
      <cy>298.8815</cy>
      <w>357.9902</w>
      <h>42.8313</h>
      <angle>2.711593</angle>
    </robndbox>
  </object>
</annotation>
