<annotation verified="yes">
  <folder>img_out_resize_640</folder>
  <filename>8</filename>
  <path>D:\ryolov3research-pytorch-master-master\img_out_resize_640\8.jpg</path>
  <source>
    <database>Unknown</database>
  </source>
  <size>
    <width>640</width>
    <height>640</height>
    <depth>3</depth>
  </size>
  <segmented>0</segmented>
  <object>
    <type>robndbox</type>
    <name>insulator</name>
    <pose>Unspecified</pose>
    <truncated>0</truncated>
    <difficult>0</difficult>
    <robndbox>
      <cx>233.8906</cx>
      <cy>281.6648</cy>
      <w>188.7385</w>
      <h>44.2287</h>
      <angle>3.111593</angle>
    </robndbox>
  </object>
</annotation>
