<annotation verified="yes">
  <folder>img_out_resize_640</folder>
  <filename>80</filename>
  <path>D:\ryolov3research-pytorch-master-master\img_out_resize_640\80.jpg</path>
  <source>
    <database>Unknown</database>
  </source>
  <size>
    <width>640</width>
    <height>640</height>
    <depth>3</depth>
  </size>
  <segmented>0</segmented>
  <object>
    <type>robndbox</type>
    <name>insulator</name>
    <pose>Unspecified</pose>
    <truncated>0</truncated>
    <difficult>0</difficult>
    <robndbox>
      <cx>272.3849</cx>
      <cy>361.5156</cy>
      <w>220.673</w>
      <h>39.426</h>
      <angle>2.391593</angle>
    </robndbox>
  </object>
  <object>
    <type>robndbox</type>
    <name>insulator</name>
    <pose>Unspecified</pose>
    <truncated>0</truncated>
    <difficult>0</difficult>
    <robndbox>
      <cx>308.4929</cx>
      <cy>388.4099</cy>
      <w>216.8335</w>
      <h>37.754</h>
      <angle>2.421593</angle>
    </robndbox>
  </object>
</annotation>
