<annotation verified="yes">
  <folder>img_out_resize_640</folder>
  <filename>81</filename>
  <path>D:\ryolov3research-pytorch-master-master\img_out_resize_640\81.jpg</path>
  <source>
    <database>Unknown</database>
  </source>
  <size>
    <width>640</width>
    <height>640</height>
    <depth>3</depth>
  </size>
  <segmented>0</segmented>
  <object>
    <type>robndbox</type>
    <name>insulator</name>
    <pose>Unspecified</pose>
    <truncated>0</truncated>
    <difficult>0</difficult>
    <robndbox>
      <cx>269.2114</cx>
      <cy>220.6903</cy>
      <w>226.9664</w>
      <h>32.8028</h>
      <angle>2.11</angle>
    </robndbox>
  </object>
  <object>
    <type>robndbox</type>
    <name>insulator</name>
    <pose>Unspecified</pose>
    <truncated>0</truncated>
    <difficult>0</difficult>
    <robndbox>
      <cx>304.2114</cx>
      <cy>247.6903</cy>
      <w>226.9664</w>
      <h>32.8028</h>
      <angle>2.11</angle>
    </robndbox>
  </object>
  <object>
    <type>robndbox</type>
    <name>insulator</name>
    <pose>Unspecified</pose>
    <truncated>0</truncated>
    <difficult>0</difficult>
    <robndbox>
      <cx>581.8685</cx>
      <cy>455.137</cy>
      <w>138.6242</w>
      <h>30.8556</h>
      <angle>2.3</angle>
    </robndbox>
  </object>
  <object>
    <type>robndbox</type>
    <name>insulator</name>
    <pose>Unspecified</pose>
    <truncated>0</truncated>
    <difficult>0</difficult>
    <robndbox>
      <cx>598.2328</cx>
      <cy>491.4842</cy>
      <w>94.4961</w>
      <h>31.3287</h>
      <angle>2.23</angle>
    </robndbox>
  </object>
</annotation>
