<annotation verified="yes">
  <folder>img_out_resize_640</folder>
  <filename>82</filename>
  <path>D:\ryolov3research-pytorch-master-master\img_out_resize_640\82.jpg</path>
  <source>
    <database>Unknown</database>
  </source>
  <size>
    <width>640</width>
    <height>640</height>
    <depth>3</depth>
  </size>
  <segmented>0</segmented>
  <object>
    <type>robndbox</type>
    <name>insulator</name>
    <pose>Unspecified</pose>
    <truncated>0</truncated>
    <difficult>0</difficult>
    <robndbox>
      <cx>240.0541</cx>
      <cy>283.2297</cy>
      <w>245.0</w>
      <h>33.0</h>
      <angle>1.91</angle>
    </robndbox>
  </object>
  <object>
    <type>robndbox</type>
    <name>insulator</name>
    <pose>Unspecified</pose>
    <truncated>0</truncated>
    <difficult>0</difficult>
    <robndbox>
      <cx>199.0541</cx>
      <cy>260.2297</cy>
      <w>245.0</w>
      <h>33.0</h>
      <angle>1.88</angle>
    </robndbox>
  </object>
  <object>
    <type>robndbox</type>
    <name>insulator</name>
    <pose>Unspecified</pose>
    <truncated>0</truncated>
    <difficult>0</difficult>
    <robndbox>
      <cx>579.3693</cx>
      <cy>506.5163</cy>
      <w>181.5742</w>
      <h>31.627</h>
      <angle>2.11</angle>
    </robndbox>
  </object>
  <object>
    <type>robndbox</type>
    <name>insulator</name>
    <pose>Unspecified</pose>
    <truncated>0</truncated>
    <difficult>0</difficult>
    <robndbox>
      <cx>596.8297</cx>
      <cy>553.4194</cy>
      <w>110.2746</w>
      <h>33.5944</h>
      <angle>2.11</angle>
    </robndbox>
  </object>
</annotation>
