<annotation verified="yes">
  <folder>img_out_resize_640</folder>
  <filename>83</filename>
  <path>D:\ryolov3research-pytorch-master-master\img_out_resize_640\83.jpg</path>
  <source>
    <database>Unknown</database>
  </source>
  <size>
    <width>640</width>
    <height>640</height>
    <depth>3</depth>
  </size>
  <segmented>0</segmented>
  <object>
    <type>robndbox</type>
    <name>insulator</name>
    <pose>Unspecified</pose>
    <truncated>0</truncated>
    <difficult>0</difficult>
    <robndbox>
      <cx>324.3836</cx>
      <cy>321.9086</cy>
      <w>222.2598</w>
      <h>36.4975</h>
      <angle>1.92</angle>
    </robndbox>
  </object>
  <object>
    <type>robndbox</type>
    <name>insulator</name>
    <pose>Unspecified</pose>
    <truncated>0</truncated>
    <difficult>0</difficult>
    <robndbox>
      <cx>288.3836</cx>
      <cy>303.9086</cy>
      <w>222.2598</w>
      <h>36.4975</h>
      <angle>1.89</angle>
    </robndbox>
  </object>
</annotation>
