<annotation verified="yes">
  <folder>img_out_resize_640</folder>
  <filename>84</filename>
  <path>D:\ryolov3research-pytorch-master-master\img_out_resize_640\84.jpg</path>
  <source>
    <database>Unknown</database>
  </source>
  <size>
    <width>640</width>
    <height>640</height>
    <depth>3</depth>
  </size>
  <segmented>0</segmented>
  <object>
    <type>robndbox</type>
    <name>insulator</name>
    <pose>Unspecified</pose>
    <truncated>0</truncated>
    <difficult>0</difficult>
    <robndbox>
      <cx>279.6076</cx>
      <cy>298.2383</cy>
      <w>232.9884</w>
      <h>36.0784</h>
      <angle>1.58</angle>
    </robndbox>
  </object>
  <object>
    <type>robndbox</type>
    <name>insulator</name>
    <pose>Unspecified</pose>
    <truncated>0</truncated>
    <difficult>0</difficult>
    <robndbox>
      <cx>239.6076</cx>
      <cy>294.2383</cy>
      <w>232.9884</w>
      <h>36.0784</h>
      <angle>1.56</angle>
    </robndbox>
  </object>
</annotation>
