<annotation verified="yes">
  <folder>img_out_resize_640</folder>
  <filename>85</filename>
  <path>D:\ryolov3research-pytorch-master-master\img_out_resize_640\85.jpg</path>
  <source>
    <database>Unknown</database>
  </source>
  <size>
    <width>640</width>
    <height>640</height>
    <depth>3</depth>
  </size>
  <segmented>0</segmented>
  <object>
    <type>robndbox</type>
    <name>insulator</name>
    <pose>Unspecified</pose>
    <truncated>0</truncated>
    <difficult>0</difficult>
    <robndbox>
      <cx>272.3488</cx>
      <cy>300.6105</cy>
      <w>232.7544</w>
      <h>33.5286</h>
      <angle>1.31</angle>
    </robndbox>
  </object>
  <object>
    <type>robndbox</type>
    <name>insulator</name>
    <pose>Unspecified</pose>
    <truncated>0</truncated>
    <difficult>0</difficult>
    <robndbox>
      <cx>234.8094</cx>
      <cy>307.3442</cy>
      <w>230.0256</w>
      <h>33.1665</h>
      <angle>1.29</angle>
    </robndbox>
  </object>
</annotation>
