<annotation verified="yes">
  <folder>img_out_resize_640</folder>
  <filename>86</filename>
  <path>D:\ryolov3research-pytorch-master-master\img_out_resize_640\86.jpg</path>
  <source>
    <database>Unknown</database>
  </source>
  <size>
    <width>640</width>
    <height>640</height>
    <depth>3</depth>
  </size>
  <segmented>0</segmented>
  <object>
    <type>robndbox</type>
    <name>insulator</name>
    <pose>Unspecified</pose>
    <truncated>0</truncated>
    <difficult>0</difficult>
    <robndbox>
      <cx>281.6657</cx>
      <cy>301.4003</cy>
      <w>126.217</w>
      <h>43.3989</h>
      <angle>0.01</angle>
    </robndbox>
  </object>
  <object>
    <type>robndbox</type>
    <name>insulator</name>
    <pose>Unspecified</pose>
    <truncated>0</truncated>
    <difficult>0</difficult>
    <robndbox>
      <cx>280.6657</cx>
      <cy>349.4003</cy>
      <w>126.217</w>
      <h>43.3989</h>
      <angle>0.03</angle>
    </robndbox>
  </object>
  <object>
    <type>robndbox</type>
    <name>insulator</name>
    <pose>Unspecified</pose>
    <truncated>0</truncated>
    <difficult>0</difficult>
    <robndbox>
      <cx>248.8457</cx>
      <cy>573.9488</cy>
      <w>123.9259</w>
      <h>42.3332</h>
      <angle>0.07</angle>
    </robndbox>
  </object>
  <object>
    <type>robndbox</type>
    <name>insulator</name>
    <pose>Unspecified</pose>
    <truncated>0</truncated>
    <difficult>0</difficult>
    <robndbox>
      <cx>247.6141</cx>
      <cy>619.7452</cy>
      <w>125.5133</w>
      <h>37.288</h>
      <angle>0.02</angle>
    </robndbox>
  </object>
</annotation>
