<annotation verified="yes">
  <folder>img_out_resize_640</folder>
  <filename>87</filename>
  <path>D:\ryolov3research-pytorch-master-master\img_out_resize_640\87.jpg</path>
  <source>
    <database>Unknown</database>
  </source>
  <size>
    <width>640</width>
    <height>640</height>
    <depth>3</depth>
  </size>
  <segmented>0</segmented>
  <object>
    <type>robndbox</type>
    <name>insulator</name>
    <pose>Unspecified</pose>
    <truncated>0</truncated>
    <difficult>0</difficult>
    <robndbox>
      <cx>408.201</cx>
      <cy>14.5353</cy>
      <w>129.0235</w>
      <h>27.6805</h>
      <angle>0.01</angle>
    </robndbox>
  </object>
  <object>
    <type>robndbox</type>
    <name>insulator</name>
    <pose>Unspecified</pose>
    <truncated>0</truncated>
    <difficult>0</difficult>
    <robndbox>
      <cx>405.7665</cx>
      <cy>62.0687</cy>
      <w>128.456</w>
      <h>42.7617</h>
      <angle>0.02</angle>
    </robndbox>
  </object>
  <object>
    <type>robndbox</type>
    <name>insulator</name>
    <pose>Unspecified</pose>
    <truncated>0</truncated>
    <difficult>0</difficult>
    <robndbox>
      <cx>367.5033</cx>
      <cy>299.1766</cy>
      <w>125.7951</w>
      <h>41.1851</h>
      <angle>0.08</angle>
    </robndbox>
  </object>
  <object>
    <type>robndbox</type>
    <name>insulator</name>
    <pose>Unspecified</pose>
    <truncated>0</truncated>
    <difficult>0</difficult>
    <robndbox>
      <cx>363.5033</cx>
      <cy>349.1766</cy>
      <w>125.7951</w>
      <h>41.1851</h>
      <angle>0.09</angle>
    </robndbox>
  </object>
  <object>
    <type>robndbox</type>
    <name>insulator</name>
    <pose>Unspecified</pose>
    <truncated>0</truncated>
    <difficult>0</difficult>
    <robndbox>
      <cx>341.5033</cx>
      <cy>572.1766</cy>
      <w>125.7951</w>
      <h>41.1851</h>
      <angle>0.15</angle>
    </robndbox>
  </object>
  <object>
    <type>robndbox</type>
    <name>insulator</name>
    <pose>Unspecified</pose>
    <truncated>0</truncated>
    <difficult>0</difficult>
    <robndbox>
      <cx>341.2924</cx>
      <cy>615.3649</cy>
      <w>123.599</w>
      <h>35.1063</h>
      <angle>0.11</angle>
    </robndbox>
  </object>
</annotation>
