<annotation verified="no">
  <folder>img_out_resize_640</folder>
  <filename>88</filename>
  <path>D:\ryolov3research-pytorch-master-master\img_out_resize_640\88.jpg</path>
  <source>
    <database>Unknown</database>
  </source>
  <size>
    <width>640</width>
    <height>640</height>
    <depth>3</depth>
  </size>
  <segmented>0</segmented>
  <object>
    <type>robndbox</type>
    <name>insulator</name>
    <pose>Unspecified</pose>
    <truncated>0</truncated>
    <difficult>0</difficult>
    <robndbox>
      <cx>126.1987</cx>
      <cy>481.2644</cy>
      <w>141.8962</w>
      <h>26.7237</h>
      <angle>1.13</angle>
    </robndbox>
  </object>
  <object>
    <type>robndbox</type>
    <name>insulator</name>
    <pose>Unspecified</pose>
    <truncated>0</truncated>
    <difficult>0</difficult>
    <robndbox>
      <cx>344.9893</cx>
      <cy>505.0526</cy>
      <w>141.3275</w>
      <h>26.5021</h>
      <angle>1.19</angle>
    </robndbox>
  </object>
  <object>
    <type>robndbox</type>
    <name>insulator</name>
    <pose>Unspecified</pose>
    <truncated>0</truncated>
    <difficult>0</difficult>
    <robndbox>
      <cx>593.9893</cx>
      <cy>533.0526</cy>
      <w>141.3275</w>
      <h>26.5021</h>
      <angle>1.31</angle>
    </robndbox>
  </object>
</annotation>
