<annotation verified="yes">
  <folder>img_out_resize_640</folder>
  <filename>89</filename>
  <path>D:\ryolov3research-pytorch-master-master\img_out_resize_640\89.jpg</path>
  <source>
    <database>Unknown</database>
  </source>
  <size>
    <width>640</width>
    <height>640</height>
    <depth>3</depth>
  </size>
  <segmented>0</segmented>
  <object>
    <type>robndbox</type>
    <name>insulator</name>
    <pose>Unspecified</pose>
    <truncated>0</truncated>
    <difficult>0</difficult>
    <robndbox>
      <cx>336.8772</cx>
      <cy>214.1417</cy>
      <w>128.9791</w>
      <h>48.1906</h>
      <angle>0.22</angle>
    </robndbox>
  </object>
  <object>
    <type>robndbox</type>
    <name>insulator</name>
    <pose>Unspecified</pose>
    <truncated>0</truncated>
    <difficult>0</difficult>
    <robndbox>
      <cx>335.8772</cx>
      <cy>276.6417</cy>
      <w>128.3244</w>
      <h>45.2629</h>
      <angle>0.22</angle>
    </robndbox>
  </object>
</annotation>
