<annotation verified="yes">
  <folder>img_out_resize_640</folder>
  <filename>9</filename>
  <path>D:\ryolov3research-pytorch-master-master\img_out_resize_640\9.jpg</path>
  <source>
    <database>Unknown</database>
  </source>
  <size>
    <width>640</width>
    <height>640</height>
    <depth>3</depth>
  </size>
  <segmented>0</segmented>
  <object>
    <type>robndbox</type>
    <name>insulator</name>
    <pose>Unspecified</pose>
    <truncated>0</truncated>
    <difficult>0</difficult>
    <robndbox>
      <cx>40.1369</cx>
      <cy>454.0404</cy>
      <w>173.9205</w>
      <h>42.0204</h>
      <angle>1.79</angle>
    </robndbox>
  </object>
  <object>
    <type>robndbox</type>
    <name>insulator</name>
    <pose>Unspecified</pose>
    <truncated>0</truncated>
    <difficult>0</difficult>
    <robndbox>
      <cx>263.8666</cx>
      <cy>322.8722</cy>
      <w>206.1446</w>
      <h>42.8489</h>
      <angle>1.89</angle>
    </robndbox>
  </object>
  <object>
    <type>robndbox</type>
    <name>insulator</name>
    <pose>Unspecified</pose>
    <truncated>0</truncated>
    <difficult>0</difficult>
    <robndbox>
      <cx>470.2095</cx>
      <cy>196.7169</cy>
      <w>195.1584</w>
      <h>41.3852</h>
      <angle>1.95</angle>
    </robndbox>
  </object>
</annotation>
