<annotation verified="yes">
  <folder>img_out_resize_640</folder>
  <filename>90</filename>
  <path>D:\ryolov3research-pytorch-master-master\img_out_resize_640\90.jpg</path>
  <source>
    <database>Unknown</database>
  </source>
  <size>
    <width>640</width>
    <height>640</height>
    <depth>3</depth>
  </size>
  <segmented>0</segmented>
  <object>
    <type>robndbox</type>
    <name>insulator</name>
    <pose>Unspecified</pose>
    <truncated>0</truncated>
    <difficult>0</difficult>
    <robndbox>
      <cx>294.0541</cx>
      <cy>297.2297</cy>
      <w>391.0</w>
      <h>55.0</h>
      <angle>2.651593</angle>
    </robndbox>
  </object>
  <object>
    <type>robndbox</type>
    <name>insulator</name>
    <pose>Unspecified</pose>
    <truncated>0</truncated>
    <difficult>0</difficult>
    <robndbox>
      <cx>328.0541</cx>
      <cy>345.2297</cy>
      <w>391.0</w>
      <h>55.0</h>
      <angle>2.661593</angle>
    </robndbox>
  </object>
</annotation>
