<annotation verified="yes">
  <folder>img_out_resize_640</folder>
  <filename>91</filename>
  <path>D:\ryolov3research-pytorch-master-master\img_out_resize_640\91.jpg</path>
  <source>
    <database>Unknown</database>
  </source>
  <size>
    <width>640</width>
    <height>640</height>
    <depth>3</depth>
  </size>
  <segmented>0</segmented>
  <object>
    <type>robndbox</type>
    <name>insulator</name>
    <pose>Unspecified</pose>
    <truncated>0</truncated>
    <difficult>0</difficult>
    <robndbox>
      <cx>85.3925</cx>
      <cy>348.9457</cy>
      <w>191.3848</w>
      <h>42.4064</h>
      <angle>2.09</angle>
    </robndbox>
  </object>
  <object>
    <type>robndbox</type>
    <name>insulator</name>
    <pose>Unspecified</pose>
    <truncated>0</truncated>
    <difficult>0</difficult>
    <robndbox>
      <cx>341.5541</cx>
      <cy>352.2297</cy>
      <w>178.2544</w>
      <h>35.5297</h>
      <angle>2.14</angle>
    </robndbox>
  </object>
  <object>
    <type>robndbox</type>
    <name>insulator</name>
    <pose>Unspecified</pose>
    <truncated>0</truncated>
    <difficult>0</difficult>
    <robndbox>
      <cx>542.6639</cx>
      <cy>359.3477</cy>
      <w>156.1895</w>
      <h>34.2799</h>
      <angle>2.24</angle>
    </robndbox>
  </object>
  <object>
    <type>robndbox</type>
    <name>insulator</name>
    <pose>Unspecified</pose>
    <truncated>0</truncated>
    <difficult>0</difficult>
    <robndbox>
      <cx>249.3885</cx>
      <cy>571.3097</cy>
      <w>130.8872</w>
      <h>22.6962</h>
      <angle>1.74</angle>
    </robndbox>
  </object>
  <object>
    <type>robndbox</type>
    <name>insulator</name>
    <pose>Unspecified</pose>
    <truncated>0</truncated>
    <difficult>0</difficult>
    <robndbox>
      <cx>441.2167</cx>
      <cy>562.333</cy>
      <w>151.8141</w>
      <h>20.654</h>
      <angle>1.78</angle>
    </robndbox>
  </object>
</annotation>
