<annotation verified="yes">
  <folder>img_out_resize_640</folder>
  <filename>92</filename>
  <path>D:\ryolov3research-pytorch-master-master\img_out_resize_640\92.jpg</path>
  <source>
    <database>Unknown</database>
  </source>
  <size>
    <width>640</width>
    <height>640</height>
    <depth>3</depth>
  </size>
  <segmented>0</segmented>
  <object>
    <type>robndbox</type>
    <name>insulator</name>
    <pose>Unspecified</pose>
    <truncated>0</truncated>
    <difficult>0</difficult>
    <robndbox>
      <cx>255.5992</cx>
      <cy>289.8349</cy>
      <w>197.8492</w>
      <h>45.8039</h>
      <angle>3.011593</angle>
    </robndbox>
  </object>
</annotation>
