<annotation verified="yes">
  <folder>img_out_resize_640</folder>
  <filename>93</filename>
  <path>D:\ryolov3research-pytorch-master-master\img_out_resize_640\93.jpg</path>
  <source>
    <database>Unknown</database>
  </source>
  <size>
    <width>640</width>
    <height>640</height>
    <depth>3</depth>
  </size>
  <segmented>0</segmented>
  <object>
    <type>robndbox</type>
    <name>insulator</name>
    <pose>Unspecified</pose>
    <truncated>0</truncated>
    <difficult>0</difficult>
    <robndbox>
      <cx>209.4855</cx>
      <cy>280.8124</cy>
      <w>197.6916</w>
      <h>42.0713</h>
      <angle>0.26</angle>
    </robndbox>
  </object>
</annotation>
