<annotation verified="yes">
  <folder>img_out_resize_640</folder>
  <filename>94</filename>
  <path>D:\ryolov3research-pytorch-master-master\img_out_resize_640\94.jpg</path>
  <source>
    <database>Unknown</database>
  </source>
  <size>
    <width>640</width>
    <height>640</height>
    <depth>3</depth>
  </size>
  <segmented>0</segmented>
  <object>
    <type>robndbox</type>
    <name>insulator</name>
    <pose>Unspecified</pose>
    <truncated>0</truncated>
    <difficult>0</difficult>
    <robndbox>
      <cx>42.7385</cx>
      <cy>233.3448</cy>
      <w>291.72</w>
      <h>25.577</h>
      <angle>1.68</angle>
    </robndbox>
  </object>
  <object>
    <type>robndbox</type>
    <name>insulator</name>
    <pose>Unspecified</pose>
    <truncated>0</truncated>
    <difficult>0</difficult>
    <robndbox>
      <cx>344.855</cx>
      <cy>251.1596</cy>
      <w>269.7653</w>
      <h>25.7256</h>
      <angle>1.75</angle>
    </robndbox>
  </object>
  <object>
    <type>robndbox</type>
    <name>insulator</name>
    <pose>Unspecified</pose>
    <truncated>0</truncated>
    <difficult>0</difficult>
    <robndbox>
      <cx>588.5338</cx>
      <cy>257.9872</cy>
      <w>240.4626</w>
      <h>26.1544</h>
      <angle>1.82</angle>
    </robndbox>
  </object>
</annotation>
