<annotation verified="yes">
  <folder>img_out_resize_640</folder>
  <filename>95</filename>
  <path>D:\ryolov3research-pytorch-master-master\img_out_resize_640\95.jpg</path>
  <source>
    <database>Unknown</database>
  </source>
  <size>
    <width>640</width>
    <height>640</height>
    <depth>3</depth>
  </size>
  <segmented>0</segmented>
  <object>
    <type>robndbox</type>
    <name>insulator</name>
    <pose>Unspecified</pose>
    <truncated>0</truncated>
    <difficult>0</difficult>
    <robndbox>
      <cx>441.8803</cx>
      <cy>301.6262</cy>
      <w>204.4475</w>
      <h>35.1103</h>
      <angle>0.2</angle>
    </robndbox>
  </object>
</annotation>
