<annotation verified="yes">
  <folder>img_out_resize_640</folder>
  <filename>96</filename>
  <path>D:\ryolov3research-pytorch-master-master\img_out_resize_640\96.jpg</path>
  <source>
    <database>Unknown</database>
  </source>
  <size>
    <width>640</width>
    <height>640</height>
    <depth>3</depth>
  </size>
  <segmented>0</segmented>
  <object>
    <type>robndbox</type>
    <name>insulator</name>
    <pose>Unspecified</pose>
    <truncated>0</truncated>
    <difficult>0</difficult>
    <robndbox>
      <cx>412.5541</cx>
      <cy>292.7297</cy>
      <w>223.8791</w>
      <h>33.1385</h>
      <angle>0.2</angle>
    </robndbox>
  </object>
</annotation>
