<annotation verified="yes">
  <folder>img_out_resize_640</folder>
  <filename>97</filename>
  <path>D:\ryolov3research-pytorch-master-master\img_out_resize_640\97.jpg</path>
  <source>
    <database>Unknown</database>
  </source>
  <size>
    <width>640</width>
    <height>640</height>
    <depth>3</depth>
  </size>
  <segmented>0</segmented>
  <object>
    <type>robndbox</type>
    <name>insulator</name>
    <pose>Unspecified</pose>
    <truncated>0</truncated>
    <difficult>0</difficult>
    <robndbox>
      <cx>461.1472</cx>
      <cy>340.255</cy>
      <w>197.8508</w>
      <h>35.0649</h>
      <angle>0.21</angle>
    </robndbox>
  </object>
</annotation>
