<annotation verified="yes">
  <folder>img_out_resize_640</folder>
  <filename>98</filename>
  <path>D:\ryolov3research-pytorch-master-master\img_out_resize_640\98.jpg</path>
  <source>
    <database>Unknown</database>
  </source>
  <size>
    <width>640</width>
    <height>640</height>
    <depth>3</depth>
  </size>
  <segmented>0</segmented>
  <object>
    <type>robndbox</type>
    <name>insulator</name>
    <pose>Unspecified</pose>
    <truncated>0</truncated>
    <difficult>0</difficult>
    <robndbox>
      <cx>129.0541</cx>
      <cy>458.2297</cy>
      <w>182.4195</w>
      <h>36.5118</h>
      <angle>2.25</angle>
    </robndbox>
  </object>
  <object>
    <type>robndbox</type>
    <name>insulator</name>
    <pose>Unspecified</pose>
    <truncated>0</truncated>
    <difficult>0</difficult>
    <robndbox>
      <cx>359.893</cx>
      <cy>520.2763</cy>
      <w>172.3529</w>
      <h>34.2649</h>
      <angle>2.29</angle>
    </robndbox>
  </object>
  <object>
    <type>robndbox</type>
    <name>insulator</name>
    <pose>Unspecified</pose>
    <truncated>0</truncated>
    <difficult>0</difficult>
    <robndbox>
      <cx>533.989</cx>
      <cy>568.8009</cy>
      <w>152.0294</w>
      <h>31.3392</h>
      <angle>2.36</angle>
    </robndbox>
  </object>
</annotation>
