<annotation verified="yes">
  <folder>img_out_resize_640</folder>
  <filename>99</filename>
  <path>D:\ryolov3research-pytorch-master-master\img_out_resize_640\99.jpg</path>
  <source>
    <database>Unknown</database>
  </source>
  <size>
    <width>640</width>
    <height>640</height>
    <depth>3</depth>
  </size>
  <segmented>0</segmented>
  <object>
    <type>robndbox</type>
    <name>insulator</name>
    <pose>Unspecified</pose>
    <truncated>0</truncated>
    <difficult>0</difficult>
    <robndbox>
      <cx>255.2246</cx>
      <cy>330.1947</cy>
      <w>197.4019</w>
      <h>44.8712</h>
      <angle>0.02</angle>
    </robndbox>
  </object>
  <object>
    <type>robndbox</type>
    <name>insulator</name>
    <pose>Unspecified</pose>
    <truncated>0</truncated>
    <difficult>0</difficult>
    <robndbox>
      <cx>46.2462</cx>
      <cy>427.7436</cy>
      <w>156.9994</w>
      <h>21.9827</h>
      <angle>2.04</angle>
    </robndbox>
  </object>
</annotation>
